	kjapita
	klaːs
a	a
aaba	aːba
aad	aːd
aadiens	aːdiens
aaf	aːf
aafwe	aːfwe
aagan	aːgan
aaganizieshan	aːganizɪɛʃan
aaganizm	aːganizm̩
aagas	aːgas
aagiment	aːgiment
aajentiina	aːdʒentiːna
aakid	aːkid
aal	aːl
aalmuos	aːlmuɔs
aalwiez	aːlwɪɛz
aarait	aːɹaɪt
aaredi	aːɹedi
aas	aːs
aas-riesin	aːsɹɪɛsin
aat	aːt
aata	aːta
aatagrafi	aːtagɹafi
aatiek	aːtɪɛk
aatis	aːtis
aawez	aːwez
aazwiez	aːzwɪɛz
ab	ab
abee	abeː
abov	abov
abraad	abɹaːd
achrakshan	atʃɹakʃan
achribyut	atʃɹibjut
ada	ada
adaels	adaels
adawaiz	adawaɪz
adminischrietiv	administʃɹɪɛtiv
advokiet	advokɪɛt
afrika	afɹika
afta	afta
agen	agen
agrikolcha	agɹikoltʃa
agrikolcharal	agɹikoltʃaɹal
agyu	aɟu
ahn	ã
ai	aɪ
aida	aɪda
aidentifai	aɪdentifaɪ
aidentiti	aɪdentiti
aidie	aɪdie
aigl	aɪgl̩
aijrosfier	aɪdʒɹosfɪɛɹ
ail	aɪl
ailan	aɪlan
ailant	aɪlant
airilan	aɪɹilan
airish	aɪɹiʃ
ais	aɪs
aiskriim	aɪskɹiːm
aisoliet	aɪsolɪɛt
ait	aɪt
aiyan	aɪjan
aizak	aɪzak
ajres	adʒɹes
aki	aki
akliem	aklɪɛm
aknalij	aknalidʒ
akraas	akɹaːs
aktivis	aktivis
aktuoba	aktuɔba
ala	ala
alaiv	alaɪv
alayans	alajans
alduo	alduɔ
aligeta	aligeta
aligzanda	aligzanda
aliv	aliv
amerika	amɛɹɪka
amfisbiinyan	amfisbiːɲan
amtan	amtan
an	an
ana	ana
anarebl	anaɹebl̩
anda	anda
andastan	andastan
aneda	aneda
anju	andʒu
anlain	anlaɪn
anles	anles
anmigl	anmigl̩
ansa	ansa
ansofistikietid	ansofistikɪɛtid
antiiga	antiːga
antuoni	antuɔni
anuova	anuova
anz	anz
apaat	apaːt
apaint	apaɪnt
api	api
apier	apɪɛɹ
apl	apl̩
aplai	aplaɪ
apm	apm̩
aprishiet	apɹiʃɪɛt
apruoch	apɹuɔtʃ
apruuv	apɹuːv
ar	aɹ
aredi	aɹedi
ariebia	aɹɪɛbja
arinj	aɹindʒ
asaalt	asaːlt
aschranami	astʃɹanami
aschranomi	astʃɹanomi
aschrielia	astʃɹɪɛlja
askaadn	askaːdn̩
aspital	aspital
at	at
atlantik	atlantik
atletix	atletiks
atmosfier	atmosfɪɛɹ
aul	aul
avielobl	avɪɛlobl̩
awie	awɪɛ
ax	aks
axep	aksep
axtiel	akstɪɛl
aya	aja
az	az
azwel	azwel
ba'aamaz	ba'aːmaz
baaba	baːba
baabiedoz	baːbɪɛdoz
baabyuuda	baːbjuːda
baagin	baːgin
baal	baːl
baan	baːn
baara	baːɹa
baas	baːs
baaskitbaal	baːskitbaːl
baat	baːt
baazli	baːzli
bad	bad
bada	bada
badarieshan	badaɹɪɛʃan
badi	badi
badman	badman
bai	baɪ
baik	baɪk
bailoji	baɪlodʒi
bait	baɪt
baka	baka
bakbuon	bakbuɔn
bakl	bakl̩
bami	bamɪ
ban	ban
banaana	banaːna
banit	banit
baptis	baptis
batam	batam
batn	batn̩
baul	baul
bax	baks
baxin	baksin
baya	baya
bayagrafi	bajagɹafi
bayosfier	bajosfɪɛɹ
beg	beg
bekaa	bekaː
bel	bel
beli	beli
ben	ben
bex	beks
bie	bɪɛ
biebi	bɪɛbi
bied	bɪɛd
biefies	bɪɛfɪɛs
biej	bɪɛdʒ
biek	bɪɛk
bier	bɪɛɹ
bies	bɪɛs
biesik	bɪɛsik
biesin	bɪɛsin
biev	bɪɛv
bifuo	bifuɔ
bifuor	bifuɔɹ
bifuotaim	bifuɔtaɪm
bigop	bɪgop
biif	biːl
biin	biːn
biini	biːni
biis	biːs
bikaazn	bikaːzn̩
bil	bil
bilang	bilaŋ
biyain	bijaɪn
bizniz	bizniz
blai	blaɪ
blak	blak
blingki	bliŋki
bluu	bluː
bod	bod
bokl	bokl̩
bon	bon
bongjri	boŋdʒɹi
bongx	boŋks
bot	bot
bota	bota
botn	botn̩
bou	bɔu
bout	bɔut
braad	bɹaːd
braatopsi	bɹaːtopsi
brazil	bɹazil
bred	bɹed
breda	bɹeda
bredfruut	bɹedfɹuːt
brejrin	bɹedʒɹin
briekop	bɹɪɛkop
briev	bɹɪɛv
bring	bɹiŋ
bringgl	bɹiŋgl̩
britn	bɹitn
brok	bɹok
broun	bɹɔun
bruus	bɹuːs
buk	buk
bulfraag	bulfɹaːg
buod	buɔd
buodn	buɔdn̩
buot	buɔt
bush	buʃ
buut	buːt
bwai	bwaɪ
bwail	bwaɪl
byuuno	bjuːno
byuuti	bjuːti
chaaj	tʃaːdʒ
chaaklit	tʃaːklit
chaali	tʃaːli
chaina	tʃaɪna
chais	tʃaɪs
chaka-chaka	tʃakatʃaka
chat	tʃat
cheri	tʃeɹi
ches	tʃes
chichi	tʃitʃi
chienj	tʃɪɛndʒ
chiiz	tʃiːz
chikin	tʃikin
cho	tʃo
chobl	tʃobl̩
choch	tʃotʃ
chokcha	tʃoktʃa
chos	tʃos
chostii	tʃostiː
chrabl	tʃɹabl̩
chradishan	tʃɹadiʃan
chrai	tʃɹaɪ
chrajidi	tʃɹadʒidi
chrang	tʃɹaŋ
chranzfaam	tʃɹanzfaːm
chranzishan	tʃɹanziʃan
chranznashinal	tʃɹanznaʃinal
chrap	tʃɹap
chrapik	tʃɹapik
chrapikal	tʃɹapikal
chrech	tʃɹetʃ
chrecha	tʃɹetʃa
chrent	tʃɹent
chretn	tʃɹetn̩
chried	tʃɹɪɛd
chrien	tʃɹɪɛn
chrienin	tʃɹɪɛnin
chrienja	tʃɹɪɛndʒa
chriet	tʃɹɪɛt
chrii	tʃɹiː
chriit	tʃɹiːt
chriiti	tʃɹiːti
chrik	tʃɹik
chrikifai	tʃɹikifaɪ
chrilaani	tʃɹilaːni
chrinidad	tʃɹinidad
chrompit	tʃɹompit
chruu	tʃɹuː
chuocho	tʃuɔtʃo
chuochuo	tʃuɔtʃuɔ
chupid	tʃupid
chuu	tʃuː
chuu-chuu	tʃuːtʃuː
chuuhout	tʃuːhɔut
chuun	tʃuːn
chuut	tʃuːt
chuuz	tʃuːz
da	da
daa	daː
daag	daːg
daans	daːns
daata	daːta
dahn	dã
dailuut	daɪluːt
dainasuor	daɪnasuɔɹ
dairek	daɪɹek
dala	dala
daminiika	daminiːka
daminikan	daminikan
danal	danal
dangki	daŋki
darati	daɹati
dash	daʃ
dashiin	daʃiːn
dat	dat
dat-de	datde
dayalek	dajalek
dayaspora	dajaspoɹa
dayatishan	dajatiʃan
de	de
debl	debl̩
ded	ded
definishan	definiʃan
dehn	dehn
dehn	dẽ
dekied	dekɪɛd
dem	dem
dem-de	demde
dem-ya	demja
demakrasi	demakɹasi
dep	dep
derik	deɹik
deso	deso
dezat	dezat
di	di
dibiet	dibɪɛt
die	dɪɛ
dieli	dɪɛli
dievid	dɪɛvid
difiit	difiːt
difikolti	difikolti
difrahn	difɹã
difrans	difɹans
digrii	digɹiː
diil	diːl
diklier	diklɪɛɹ
diktieta	diktɪɛta
diktietaship	diktɪɛtaʃip
dimokratizieshan	dimokɹatizɪɛʃan
dipaacha	dipaːtʃa
dipen	dipen
dis	dis
dis-ya	disja
disaid	disaɪd
disaya	disaja
dischribyuushan	distʃɹibjuːʃan
disemba	disemba
disendant	disendant
disepshos	dɪsepʃos
disgostid	disgostid
diskovri	diskovɹi
distingshan	distiŋʃan
ditiel	ditɪɛl
divaid	divaɪd
dizain	dizaɪn
dizort	dizoɹt
domestikieshan	domestikɪɛʃan
domplin	domplin
dong	doŋ
dopi	dopɪ
dos	dos
doti	doti
dout	dɔut
drop	dɹop
dukunu	dukunu
duo	duɔ
duohn	duõ
duor	duɔɹ
dwiit	dwiːt
dyuu	djuː
ebi	ebi
ebn	ebn̩
ebri	ebɹi
ebribadi	ebɹibadi
ebriting	ebɹitiŋ
ed	ed
edikieshan	edikɪɛʃan
edita	edita
edwad	edwad
ef	ef
egvaantij	egvaːntidʒ
egzakli	egzakli
egzamin	egzamin
egzampl	egzampl̩
egzis	egzis
eliat	eliat
eliment	eliment
elivieta	elivɪɛta
elp	elp
els	els
elswe	elswe
en	en
enaji	enadʒi
eni	eni
enibadi	enibadi
eniebl	enɪɛbl̩
enitaim	enɪtaɪm
eniwiez	eniwɪɛz
entapraiz	entapɹaɪz
eritij	eɹitidʒ
esn	esn̩
evidens	evidens
evri	evɹi
exchienj	ekstʃɪɛndʒ
exchriim	ekstʃɹiːm
exepshan	eksepʃan
exkiep	ekskɪɛp
exkluudn	ekskluːdn̩
expanshan	ekspanʃan
expiriens	ekspiɹɪɛns
expuot	ekspuɔt
extablish	ekstabli
extingk	ekstiŋk
fa	fa
faada	faːda
faal	faːl
faam	faːm
faam	faːma
faama	faːma
faamat	faːmat
faar	faːɹ
faas	faːs
faatifikieshan	faːtifikɪɛʃan
fagivnis	fagivnis
faib	faɪb
fain	faɪn
fainal	faɪnal
faiya	faɪja
faiyaman	faɪjaman
fak	fak
fala	fala
falara	falaɹa
falarin	falaɹin
falmot	falmot
fambli	fambli
farin	faɹin
farina	faɹina
fasilitiet	fasilitɪɛt
faya	faja
febiweri	febiweɹi
feda	feda
feminis	feminis
feminizim	feminizim
fene	fene
fens	fens
fi	fi
fiemos	fɪɛmos
fies	fɪɛs
fiesti	fɪɛsti
fiet	fɪɛt
fieva	fieva
fif	fif
fiftiin	fiftiːn
figa	figa
figat	figat
fiicha	fiːtʃa
fiil	fiːl
fiimiel	fiːmɪɛl
fiiva	fiːva
fikshan	fikʃan
filasafi	filasafi
filipiinz	filipiːnz
finaminan	finaminan
finanshal	finanʃal
fingga	fiŋga
fingga-hed	fiŋgahed
fiziolaji	fizioladʒi
fizishan	fiziʃan
fizix	fiziks
flai	flaɪ
flieva	flɪɛva
flim	flim
flod	flod
flowa	flowa
fluor	fluɔɹ
fongkshan	foŋkʃan
foris	foɹis
form	foɹm
fos	fos
foul	foul
fraag	fɹaːg
frahn	fɹã
frai	fɹaɪ
fraitn	fɹaɪtn̩
frans	fɹans
frenship	fɹenʃip
fruut	fɹuːt
fufu	fufu
ful	ful
fuo	fuɔ
fuokos	fuɔkos
fuos	fuɔs
fuot	fuɔt
fuotiin	fuɔtiːn
fut	fut
futbaal	futbaːl
fuud	fuːd
fyuil	fjuil
fyuu	fjuː
gaa	gaː
galang	galaŋ
gens	gens
get	get
gien	gɪɛn
giet	gɪɛt
ginep	ginep
gluobal	gluɔbal
go	go
gobna	gobna
gobna-jinaral	gobnadʒinaɹal
goli	golɪ
golibl	golibl̩
gon	gon
govament	govament
graasapa	gɹaːsapa
grampierans	gɹampɪɛɹans
grenidiinz	gɹenidiːnz
griep	gɹɪɛp
griet	gɹɪɛt
grietis	gɹɪɛtis
grii	gɹiː
griin	gɹiːn
griis	gɹiːs
grinieda	gɹinɪɛda
grong	gɹoŋ
gruo	gɹuɔ
gruot	gɹuɔt
gud	gud
gudz	gudz
gunggu	guŋgu
guol	guɔl
guot	guɔt
guzu	guzu
gwaava	gwaːva
gwan	gwan
gyaad	ɟaːd
gyaadn	ɟaːdn̩
gyaalik	ɟaːlik
gyada	ɟada
gyadarin	ɟadaɹin
gyal	ɟal
gyas	ɟas
haakiek	haːkɪɛk
haalzwie	haːlzwɪɛ
haatagrafi	haːtagɹafi
haatikl	haːtikl̩
haatis	haːtis
habrij	habɹidʒ
habvios	habvios
hada	hada
hadap	hadap
hadvenchara	hadventʃaɹa
hafi	hafi
haid	haɪd
hairish	haɪɹiʃ
hambrela	hambɹela
hanalisis	hanalisis
hanimal	hanimal
harijin	haɹidʒin
hat	hat
hatityuud	hatitjuːd
haxent	haksent
haxesobl	haksesobl̩
haxpek	hakspek
hayan	hajan
hayan-mekin	hajanmekin
haz	haz
hebini	hebini
hebm	hebm̩
hedituoryal	hedituɔɹjal
heg	heg
hels	hels
hen	hen
heni	heni
heniting	henitiŋ
hexpand	hekspand
hexplien	heksplɪɛn
hexpreshan	hekspɹeʃan
hexten	heksten
hextingk	hekstiŋk
hidyam	hidjam
hieja	hɪɛdʒa
hiem	hɪɛm
hiet	hɪɛt
hietiin	hɪɛtiːn
hifek	hifek
higla	higla
hiit	hiːt
hiiz	hiːz
hilekchranik	hilektʃɹanik
himpres	himpɹes
hinchradokshan	hintʃɹadokʃan
hinchrajuus	hintʃɹadʒuːs
hinchres	hintʃɹes
hinfluens	hinfluens
hingglish	hiŋgliʃ
hinishal	hiniʃal
hinkluudn	hinkluːdn̩
hintanashinal	hintanaʃinal
hofishal	hofiʃal
honggl	hoŋgl̩
honggri	hoŋgɹi
honyan	hoɲan
hopin-en	hopinen
horbanizieshan	hoɹbanizɪɛʃan
hori	hoɹi
horli	hoɹli
howa	howa
hox	hoks
huobaluk	huɔbaluk
huol	huɔl
huol-taima	huɔltaɪma
huoliip	huɔliːp
huoral	huɔɹal
huovn	huɔvn̩
ie	ɪɛ
iebl	ɪɛbl̩
ieda	ɪɛda
iej	ɪɛdʒ̩
ieja	ɪɛdʒa
iejobl	ɪɛdʒobl̩
iel	ɪɛl
iemi	ɪɛmi
ienshent	ɪɛnʃent
iepril	ɪɛpɹil
ier	ɪɛɹ
ieria	ɪɛɹia
ies	ɪɛs
iet	ɪɛt
ieti	ɪɛti
ietiin	ɪɛtiːn
iez	iez
iezha	ɪɛʒa
ifainali	ifaɪnali
ifek	ifek
igwaana	igwaːna
ihn	ĩ
iibm	iːbm̩
iibn	iːbn̩
iihn	ĩː
iijip	iːdʒip
iikwal	iːkwal
iin	iːn
iip	iːp
iir	iːɹ
iis	iːs
iistan	iːstan
iit	iːt
iivn	iːvn̩
iivnin	iːvnin
ikanami	ikanami
ikanamik	ikanamik
ikanamix	ikanamiks
ilek	ilek
ilizibet	ilizibet
iloschrieshan	ilostʃɹɪɛʃan
im	im
impak	impak
impruuv	impɹuːv
impuotant	impuɔtant
imuoshan	imuɔʃan
in	in
ina	ina
inaamos	inaːmos
inabit	inhabit
indiiz	indiːz
indipendans	indipendans
indischroktebl	indistʃɹoktebl̩
indoschri	indostʃɹi
indoschrial	indostʃɹial
indoschrializieshan	indostʃɹializɪɛʃan
infamieshan	infamɪɛʃan
influens	influens
inggiej	iŋgɪɛdʒ
ingglan	iŋglan
ingkluudn	iŋkluːdn̩
ingkorij	iŋkoɹidʒ
iniebl	inɪɛbl̩
injai	indʒaɪ
injinierin	indʒinɪɛɹin
inkluud	inkluːd
inkriis	inkɹiːs
inruol	inɹuɔl
insaiklopiidya	insaɪklopiːdja
inspaya	inspaya
intaikl	intaɪkl̩
intanashinal	intanaʃinal
intanet	intanet
intatiena	intatɪɛna
invalv	invalv
inviejan	invɪɛdʒan
ischri	istʃɹi
iself	ɪself
ishu	iʃhu
istuorian	istuɔɹian
it	it
itali	itali
ivalv	ivalv
ivenchuali	iventʃuali
ivent	ivent
jaagrafi	dʒaːgɹafi
jaagrofi	dʒaːgɹofi
jaaj	dʒaːdʒ
jaaloji	dʒaːlodʒi
jain	dʒaɪn
jainop	dʒaɪnop
jakfruut	dʒakfɹuːt
jaloji	dʒalodʒi
jan	dʒan
jangkro	dʒaŋkɹo
janiweri	dʒaniweɹi
japan	dʒapan
jeli	dʒeli
jeliduo	dʒeliduɔ
jiel	dʒɪɛl
jiemz	dʒɪɛmz
jien	dʒɪɛn
jinaral	dʒinaɹal
jinarasiti	dʒinaɹasiti
jinarieshan	dʒinaɹɪɛʃan
jinja	dʒindʒa
joj	dʒodʒ
jomp	dʒomp
jomp-up	dʒompop
jonjo	dʒondʒo
jork	dʒoɹk
jormani	joɹmani
jornal	dʒoɹnal
jostis	dʒostis
jraa	dʒɹaː
jraadong	dʒɹaːdoŋ
jraaf	dʒɹaːf
jraafut	dʒɹaːfut
jraaz	dʒɹaːz
jragan	dʒɹagan
jrai	dʒɹaɪ
jramatik	dʒɹamatik
jrap	dʒɹap
jred	dʒɹed
jres	dʒɹes
jresbak	dʒɹesbak
jresdong	dʒɹesdoŋ
jriepop	dʒɹɪɛpop
jringk	dʒɹiŋk
jrog	dʒɹog
jrom	dʒɹom
juk	dʒuk
juki-juki	dʒukidʒuki
julai	dʒulaɪ
jumieka	dʒumɪɛka
jumieka	jumɪɛka
junjo	dʒundʒo
juo	dʒuɔ
juok	dʒuɔk
juu	dʒuː
juun	dʒuːn
juurin	dʒuːɹin
juus	dʒuːs
kaa	kaː
kaal	kaːl
kaali	kaːli
kaan	kaːn
kaanful	kaːnful
kaanwal	kaːnwal
kaaz	kaːz
kaazn	kaːzn̩
kach	katʃ
kain	kaɪn
kait	kaɪt
kak	kak
kala	kala
kalalu	kalalu
kalani	kalani
kalanis	kalanis
kalek	kalek
kalekshan	kalekʃan
kalij	kalɪdʒ
kaman	kaman
kamedi	kamedi
kanchosnis	kantʃosnis
kanchrak	kantʃɹak
kanchuol	kantʃuɔl
kanekshan	kanekʃan
kanschrokshan	kanstʃɹokʃan
kansda	kansda
kantent	kantent
kantinyu	kantiɲu
kanvasieshan	kanvasɪɛʃan
karambuola	kaɹambuɔla
kasaada	kasaːda
kasaava	kasaːva
kasta	kasta
katn	katn̩
kazmopalitan	kazmopalitan
kech	ketʃ
kechop	ketʃop
kelyan	keljan
kenet	kenet
kiachrin	kjatʃɹin
kianada	kjanada
kiaribiyan	kjaɹibijan
kidni	kidni
kiedens	kɪɛdens
kieful	kɪɛful
kiek	kɪɛk
kien	kien
kien	kɪɛn
kier	kɪɛɹ
kies	kɪɛs
kiet	kɪɛt
kilomita	kilomita
kimischri	kimistʃɹi
kin	kin
kindom	kindom
kinston	kinston
kisaada	kisaːda
kits	kits
kja	kja
kja	umotʃ
klaat	klaːt
klaax	klaːks
klarindan	klaɹindan
klasikal	klasikal
klie	klɪɛ
kliem	klɪɛm
klier	klɪɛɹ
kliermont	klɪɛɹmont
klifod	klifod
kliin	kliːn
kola	kola
kolcha	koltʃa
kom	kom
komiunikieshan	komjunikɪɛʃan
kompail	kompaɪl
kompyuuta	kompjuːta
konchri	kontʃɹi
kongk	koŋk
koni	koni
korant	koɹant
kori	koɹi
koria	koɹia
koril	koɹil
korl	koɹl
kos	kos
koskos	koskos
kostad	kostad
kot	kot
kotlis	kotlis
kou	kɔu
kounti	kounti
kounti	kɔunti
kowich	kowitʃ
kozn	koːzn̩
kraani	kɹaːni
kraitiirya	kɹaɪtiːɹja
krap	kɹap
krichoul	kɹitʃɔul
kriebn	kɹɪɛbn̩
kriep	kɹɪɛp
kriet	kɹiet
krietiv	kɹɪɛtiv
kriim	kɹiːm
krikit	kɹikit
kris	kɹis
kritikal	kɹitikal
kruuz	kɹuːz
ku	ku
kudn	kudn̩
kuk	kuk
kukumba	kukumba
kunu	kunu
kuoknat	kuɔknat
kuoko	kuɔko
kuol	kuɔl
kuos	kuɔs
kuot	kuɔt
kuul	kuːl
kwaadinet	kwaːdinet
kwaat	kwaːt
kwait	kwaɪt
kwaiyat	kwaɪjat
kwestiyan	kwestijan
kwiin	kwiːn
kwik	kwik
kwik-taim	kwiktaɪm
kwint	kwint
kya	kja
kya	kyja
kyaa	kjaː
kyaahn	kjãː
kyaar	kjaːɹ
kyaarat	kjaːɹat
kyabij	kjabidʒ
kyahn	kjã
kyaklik	kjaklik
kyamil	kjamil
kyanal	kjanal
kyanggl	kjaŋgl̩
kyangkro	kjaŋkɹo
kyapasiti	kjapasiti
kyapcha	kjaptʃa
kyapital	kjapital
kyapitalis	kjapitalis
kyaptin	kjaptin
kyar	kjaɹ
kyarakta	kjaɹakta
kyari	kjaɹi
kyash	kjaʃ
kyashu	kjaʃu
kyata	kjata
kyatalis	kjatalis
kyatigari	kjatigaɹi
kyuuba	kjuːba
laa	laː
laaf	laːf
laaj	laːdʒ
laan	laːn
labsta	labsta
lai	laɪ
laibri	laɪbɹi
laif	laɪf
laifstail	laɪfstaɪl
laik	laɪk
lait	laɪt
laitous	laɪtɔus
laiyad	laɪjad
laiyan	laɪjan
laka	laka
lam	lam
lan	lan
landan	landan
lang	laŋ
langwij	laŋwidʒ
langx	laŋks
larans	laɹans
layad	lajad
lebl	lebl̩
lebm	lebm̩
leda	leda
lef	lef
lego	lego
lejislieta	ledʒislɪɛta
lent	lent
leta	leta
lib	lib
libn	libn̩
lichicha	litʃitʃa
lieba	lɪɛba
liedi	lɪɛdi
liet	lɪɛt
lieta	lɪɛta
lieya	lɪɛja
lifop	lifop
liida	liːda
liig	liːg
liin	liːn
lik	lik
likl	likl̩
lili	lili
lingguistik	liŋguistik
linggwis	liŋgwis
lis	lis
lisn	lisn̩
litosfier	litosfɪɛɹ
lizad	lizad
lob	lob
long	loŋ
lorn	loɹn
lou	lɔu
luk	luk
luo	lʊo
luokal	luɔkal
luokalaiz	luɔkalaɪz
luokiet	luɔkɪɛt
luusha	luːʃa
luusi	luːsi
luwi	luwi
luwiiz	luwi:z
maach	maːtʃ
maaga	maːga
maak	maːk
maakit	maːkit
maakos	maːkos
maanin	maːnin
mada	mada
mada-tong	madatoŋ
madan	madan
madifai	madifaɪ
madifikieshan	madifikɪɛʃan
magaziin	magaziːn
magij	magɪdʒ
magl	magl̩
maigrieshan	maɪgɹɪɛʃan
maikal	maɪkal
main	maɪn
mait	maɪt
maitbi	maɪtbi
majariti	madʒaɹiti
man	man
manatii	manatiː
manazebl	manazebl̩
manchesta	mantʃesta
mandivl	mandivl̩
manggo	maŋgo
mangguus	maŋguːs
manita	manita
mantiga	mantiga
manyufakcha	maɲufaktʃa
manyufakcharin	maɲufaktʃaɹin
maraya	maɹaja
maruun	maɹuːn
mas	mas
mashet	maʃet
mashiin	maʃiːn
mashiinri	maʃiːnɹi
matiirialis	matiːɹialis
matimatix	matimatiks
matyu	matju
medisn	medisn̩
meditieshan	meditɪɛʃan
meja	medʒa
mejament	medʒament
mek	mek
mekop	mekop
memba	memba
mexiko	meksiko
mi	mi
midiom	midiom
midya	midja
mie	mɪɛ
miebi	mɪɛbi
mieja	mɪɛdʒa
miel	mɪɛl
mien	mɪɛn
mienli	mɪɛnli
mieri	mɪɛɹi
migl	migl̩
migl-klaas	migl̩
miglsex	migl̩seks
miin	miːn
miinin	miːnin
miit	miːt
miita	miːta
miizolek	miːzolek
milichri	militʃɹi
miliyan	milijan
milk	mɪlk
mimuorial	mimuɔɹial
minista	minista
mishaneri	miʃaneɹi
misnuoma	misnuɔma
mixcha	mikstʃa
mixcho	mikstʃo
mobie	mɔbɪɛ
mongx	moŋks
moni	moni
morant	moɹant
mountn	mɔuntn̩
mout	mɔut
muo	muɔ
muobail	muɔbaɪl
muor	muɔɹ
muos	muɔs
muosli	muɔsli
muotaim	muɔtaɪm
muuv	muːv
myuuzik	mjuːzik
myuziom	mjuziom
na	na
naamali	naːmali
naaman	naːman
naasi	naːsi
naasti	naːsti
naat	naːt
naatiis	naːtiːs
naatwes	naːtwes
nadan	nadan
naijiiria	naɪdʒiːɹja
nain	naɪn
naint	naɪnt
naintiin	naɪntiːn
nais	naɪs
nait	naɪt
naiz	naɪz
nalij	nalidʒ
nanfikshan	nanfikʃan
nansi	nansi
naritiv	naɹitiv
nashinal	naʃinal
navl	navl̩
neba	neba
nedalanz	nedalanz
nex	neks
niecha	nɪɛtʃa
niel	nɪɛl
niem	nɪɛm
nier	nɪɛɹ
niernis	nɪɛɹnis
nieshan	nɪɛʃan
nietib	nɪɛtib
nigril	nigɹil
niigl	niːgl̩
niivis	niːvis
niyilis	nijilis
no	no
no	nokja
nof	nof
nof-nof	nofnof
noftaim	noftaɪm
nomba	nomba
non	non
nondiles	nondiles
notn	notn̩
nou	nɔu
novemba	novemba
nuo	nuɔ
nuot	nuɔt
nuotobl	nuɔtobl̩
nuoz	nuɔz
nyaamps	ɲaːmps
nyam	ɲam
nyami-nyami	ɲamiɲami
nyuu	njuː
nyuu	ɲuː
nyuuz	ɲuːz
nyuuzpiepa	ɲuːzpɪɛpa
ogli	oglɪ
okor	okoɹ
okro	okɹo
olo	olo
ombl	ombl̩
onggl	oŋgl̩
onjrid	ondʒɹid
ont	ont
ontalaji	ontaladʒi
ontin	ontin
ontruut	ontɹuːt
op	op
opdiet	opdɪɛt
opinyan	opiɲan
opsaid	opsaɪd
orbort	oɹbort
ort	oɹt
ortkwiek	oɹtkwɪɛk
ou	ɔu
oun	ɔun
ous	ɔus
ousomeba	ɔusomeba
owad	owad
ozban	ozban
paadn	paːdn̩
paal	paːl
paaliment	paːliment
paapos	paːpos
paarat	paːɹat
paas	paːs
paasl	paːsl̩
paasn	paːsn̩
paasteriti	paːsteɹiti
paat	paːat
paat	paːta
paati	paːti
pachrik	patʃɹik
pahn	pã
pain	paɪn
paint	paɪnt
paip	paɪp
pakistan	pakistan
pakit	pakit
paliis	paliːs
palisi	palisi
palitikal	palitikal
palitishan	palitiʃan
palitix	palitiks
pan	pan
panish	panish
panish	paniʃ
papila	papila
papilieshan	papilɪɛʃan
papishuo	papiʃuɔ
papyulieshan	papjulɪɛʃan
parish	paɹiʃ
pashan	paʃan
pat	pat
patan	patan
pati	pati
patwa	patwa
pel	pel
pelin	pelin
pen	pen
pepa	pepa
picha	pitʃa
pie	pɪɛ
piej	pɪɛdʒ
piepa	pɪɛpa
pier	pɪɛɹ
pierans	pɪɛɹans
pieschri	pɪɛstʃɹi
pieshans	pɪɛʃans
piich	piːtʃ
piik	piːk
piika	piːka
piiki-puoki	piːkipuɔki
piil	piːl
piini	pːini
piini-waali	piːniwaːli
piipl	piːpl̩
piiplz	piːplz
piiriad	piːɹiad
piis	piːs
piita	piːta
piiz	piːz
pikni	pikni
pilikin	pilikin
pimenta	pimenta
pio	pio
pit	pit
pitieta	pitɪɛta
pitni	pitni
plaan	plaːn
plaant	plaːnt
plaantin	plaːntin
pleja	pledʒa
plie	plɪɛ
plies	plɪɛs
pliet	plɪɛt
plit	plit
plom	plom
poblik	poblik
poblikieshan	poblikɪɛʃan
poblish	pobliʃ
poblisha	pobliʃa
pofaam	pofaːm
poliis	poliːs
poliisman	poliːsman
politikal	politikal
pongkin	poŋkin
ponish	poniʃ
ponishment	poniʃment
por-kiapita	poɹ
porl	poɹl
pormanent	poɹmanent
posnal	posnal
pospektiv	pospektiv
potenshal	potenʃal
potienin	potɪɛnin
potikila	potikila
potikyula	potikjula
powa	powa
prablem	pɹablem
praim	pɹaɪm
prais	pɹaɪs
praivisi	pɹaɪvisi
prajek	pɹadʒek
pramis	pɹamis
pravins	pɹavins
pred	pɹed
preke	pɹeke
priivos	pɹiːvos
primenta	pɹimenta
prizaab	pɹizaːb
prizn	pɹizn̩
prodok	pɹodok
prodokshan	pɹodokʃan
profeshanal	pɹofeʃanal
pronongx	pɹonoŋks
protek	pɹotek
protekshan	pɹotekʃan
prumuot	pɹumuɔt
pruogram	pɹuɔgɹam
pruoses	pɹuɔses
pudn	pudn̩
pumuot	pumuɔt
puo	puɔ
puohim	puɔhim
puok	puɔk
puos	puɔs
puosha	puɔʃa
puosi	puɔsi
puot	puot
puot	puɔt
puotlan	puɔtlan
puotmuor	puotmuoɹ
pupaa	pupaː
pus	pus
pwail	pwaɪl
pyaa-pyaa	pjaːpjaː
pyuuriti	pjuːɹɪtɪ
raa	ɹaː
raatid	ɹaːtid
raip	ɹaɪp
rais	ɹaɪs
rait	ɹaɪt
raita	ɹaɪta
raitn	ɹaɪtn̩
raki	ɹaki
raktuon	ɹaktuɔn
rang	ɹaŋ
rang-said	ɹaŋsaɪd
raya	ɹaja
rayas	ɹajas
reda	ɹeda
redi	ɹedɪ
refa	ɹefa
refarans	ɹefaɹans
refrans	ɹefɹans
rekaad	ɹekaːd
rekanaiz	ɹekanaɪz
rekanishan	ɹekaniʃan
respirieshan	ɹespiɹɪɛʃan
revaluushan	ɹevaluːʃan
revarii	ɹevaɹiː
revinyuu	ɹeviɲuː
riba	ɹiba
ribelyan	ɹibeljan
ridim	ɹidim
ried	ɹɪɛd
riedio	ɹɪɛdio
riek	ɹɪɛk
rielwie	ɹɪɛlwɪɛ
rien	ɹɪɛn
rienj	ɹɪɛndʒ
ries	ɹɪɛs
riesin	ɹɪɛsin
riesizim	ɹɪɛsizim
rieza	ɹɪɛza
riezn	ɹɪɛzn̩
rifaam	ɹifaːm
rifain	ɹifaɪn
rigl	ɹigl̩
riid	ɹiːd
riida	ɹiːda
riijan	ɹiːdʒan
riijanal	ɹiːdʒanal
riika	ɹiːka
riili	ɹiːli
riisant	ɹiːsant
riizn	ɹiːzn̩
rijais	ɹijaɪs
rilaxieshan	ɹilaksɪɛʃan
rilieshanship	ɹilɪɛʃanʃip
rilietid	ɹilɪɛtid
riliis	ɹiliːs
rilijan	ɹilidʒan
rimien	ɹimɪɛn
ripoblik	ɹipoblik
riprizent	ɹipɹizent
ris	ɹis
rispek	ɹispek
ritorn	ɹitoɹn
riva	ɹiva
rivazdiel	ɹivazdɪɛl
rivuolt	ɹivuɔlt
rizaat	ɹizaːt
rizolt	ɹizolt
romantik	ɹomantik
ron	ɹon
ronawe	ɹonawe
rosha	ɹoʃa
ruod	ɹuɔd
ruoman	ɹuɔman
ruos	ɹuɔs
ruudnis	ɹuːdnis
ruul	ɹuːl
ruut	ɹuːt
saab	saːb
saabis	saːbis
saach	saːtʃ
saadi	saːdi
saaf	saːf
saalfish	saːlfiʃ
saas	saːs
saaya	saːja
sai	saɪ
saiman	saɪman
sait	saɪt
saiyans	saɪjans
sakrifais	sakɹifaɪs
salaman	salaman
samyuel	samjuel
san	san
sang	saŋ
sanja	sandʒa
santa	santa
santapii	santapiː
sar	saɹ
saril	saɹil
sasayati	sasajati
sataya	sataja
savlamaar	savlamaːɹ
sayans	sajans
sayantis	sajantis
schraip	stʃɹaɪp
schuu	stʃuː
se	se
sebm	sebm̩
sebmt	sebm̩t
sebmtiin	sebm̩tiːn
sebn	sebn̩
sebnt	sebn̩t
sebntiin	sebn̩tiːn
sebral	sebɹal
sef	sef
sekan	sekan
sekl	sekl̩
seklment	sekl̩ment
sekshan	sekʃan
sela	sela
senchral	sentʃɹal
senchri	sentʃɹi
senit	senit
senita	senita
sens	sens
sensobl	sensobl̩
sensos	sensos
sentans	sentans
sentri	sentɹi
separieshan	sepaɹɪɛʃan
septemba	septemba
set	set
sexizim	seksizim
sfier	sfɪɛɹ
shaachij	ʃaːtʃɪdʒ
shaat	ʃaːt
shap	ʃap
shap-maasa	ʃapmaːsa
sheda	ʃeda
shiem	ʃɪɛm
shier	ʃɪɛɹ
shob	ʃob
shot	ʃot
shout	ʃɔut
shudn	ʃudn̩
shuga	ʃuga
shuo	ʃuɔ
shuor	ʃuɔɹ
shuut	ʃuːt
si	si
sib	sib
sidong	sidoŋ
sief	sɪɛf
sieka	sɪɛka
siel	sɪɛl
siem	sɪɛm
siera	sɪɛra
siev	sɪɛv
sii	siː
siikuel	siːkwel
siim	siːm
siin	siːn
siis	siːs
siitorkl	siːtoɹkl̩
siizn	siːzn̩
siiznin	siːznin
sik	sɪk
silekshan	silekʃan
silvia	silvia
sin	sin
sing	sɪŋ
singa	siŋa
singgapuor	siŋgapuoɹ
siniek	sinɪɛk
sinieli	sɪnɪɛli
sint	sint
sinting	sintiŋ
sipl	sipl̩
sista	sista
sistim	sistim
siti	siti
sitieshan	sitɪɛʃan
sitiet	sitɪɛt
sitizn	sitizn̩
sitn	sitn̩
six	siks
sixt	sikst
sixtiin	sikstiːn
skai	skaɪ
skelyan	skeljan
skuul	skuːl
skwier	skwɪɛɹ
slait	slaɪt
slieb	slɪɛb
sliip	sliːp
sluo	slʊo
smaal	smaːl
smadi	smadi
smuok	smuɔk
so	so
sobjek	sobdʒek
sodan	sodan
sofa	sofa
sofarieshan	sofaɹɪɛʃan
sohn	sõ
sojes	sodʒes
som	som
soma	soma
somwe	somwe
sopm	sopm̩
sopraizn	sopɹaɪzn̩
sopres	sopɹes
sori	soɹi
sorkl	soɹkl̩
sorniem	soɹnɪɛm
sorosi	soɹosi
soroun	soɹɔun
sostien	sostɪɛn
soua	sɔua
soun	sɔun
sout	sout
sout	sɔut
soutiis	soutiːs
soutiis	sɔutiːs
soutwes	sɔutwes
spais	spaɪs
spekchrom	spektʃɹom
spien	spɪɛn
spies	spɪɛs
spiishiz	spiːʃiz
spring	spɹiŋ
spuoxman	spuɔksman
staach	staːtʃ
staam	staːm
staar	staːɹ
staarfruut	staːɹfɹuːt
staat	staːt
stail	staɪl
stie	stɪɛ
stiebl	stɪɛbl̩
stiej	stɪɛdʒ
stieshan	stɪɛʃan
stiet	stɪɛt
stietos	stɪɛtos
stiibm	stiːbm̩
stiim	stiːm
stodi	stodi
stuon	stuɔn
suhn	sũ
suimz	suimz
suitsalan	suitsalan
sumaal	sumaːl
sumuud	sumuːd
suoja	suɔdʒa
suop	suɔp
suos	suɔs
suoshal	suɔʃal
suoviet	suovɪɛt
susu	susu
suucha	suːtʃa
suun	suːn
suup	suːp
swiidn	swiːdn̩
swiit	swiːt
swiit-swiit	swiːtswiːt
swimin	swimin
taak	taːk
taakin	taːkin
taat	taːt
taikl	taɪkl̩
tailan	taɪlan
taim	taɪm
talawa	talawa
tamas	tamas
tambrik	tambɹik
tambrin	tambɹin
tan	tan
tandad	tandad
tangx	taŋks
tap	tap
tapik	tapik
taya	taja
tayad	tajad
tek	tek
tekniik	tekniːk
tel	tel
ten	ten
tenis	tenis
tent	tent
tenya	teɲa
terichri	teɹitʃɹi
tertiin	teɹtiːn
textail	tekstaɪl
tide	tide
tiebl	tɪɛbl̩
tiel	tɪɛl
ties	tɪɛs
tieta	tɪɛta
tigeda	tigeda
tii	tiː
tiich	tiːtʃ
tiif	tiːf
tiit	tiːt
tik	tik
tingk	tiŋk
tingz	tiŋz
tiori	tioɹi
tisyu	tisju
tix	tɪks
toch	totʃ
tod	tod
todi	todi
tof	tof
ton	ton
tong	toŋ
tong	tɔŋ
torki	toɹki
torkl	toɹkl̩
torm	toɹm
tormal	toɹmal
tornin	toɹnin
torpmtaim	toɹpm̩taɪm̩
toti	totɪ
toun	tɔun
touzn	tɔuzn̩
towa	towa
towil	towil
tros	tɹos
tu	tu
tubiego	tubɪɛgo
tumatis	tumatis
tuo	tuɔ
tuofuu	tuɔfuː
tuon	tuɔn
tuonaliti	tuɔnaliti
tuori	tuɔɹi
tuu	tuː
tuul	tuːl
twelb	twelb
twenti	twenti
ud	ud
uman	uman
umoch	
umoch	umotʃ
unu	unu
uoba	uɔba
uobasior	uɔbasioɹ
uochi	uotʃi
uol	uɔl
uol	wuɔl
uoli	uɔli
uoliip	huɔliːp
uom	uɔm
uon	uɔn
uona	uɔna
uonaship	uɔnaʃip
uonyan	uoɲan
uopm	uɔpm̩
uoshan	uoʃan
uoshan	uɔʃan
uovn	uovn̩
uu	uː
vais	vaɪs
van	van
varayati	vaɹajati
vejitebl	vedʒitebl̩
vieri	vɪɛɹi
vietnam	vɪɛtnam
vijan	vidʒan
vik	vik
viniga	viniga
vinsn	vinsn̩
volkieno	volkɪɛno
vorjan	voɹdʒan
vowil	vowil
vuokal	vuɔkal
vuokalis	vuɔkalis
vuot	vuɔt
wa	wa
waak	waːk
waal	waːl
waam	waːm
waapm	waːpm̩
waar	waːɹ
waata	waːta
wahn	wã
waidpred	waɪdpɹed
waif	waɪf
wail	waɪl
wails	waɪls
wait	waɪt
wala	wala
wan	wan
wapn-bapn	wapn̩bapn̩
was	was
wat-lef	watlef
wat-liiv	watliːv
we	we
weda	weda
wehn	wẽ
wes	wes
wesmolan	wesmolan
westan	wɛstan
wi	wi
wid	wid
widout	widɔut
widoutn	widɔutn̩
wie	wɪɛ
wiej	wɪɛdʒ
wiet	wɪɛt
wiik	wiːk
wiil	wiːl
winta	winta
wod	wod
wod-a-mout	wodamɔut
wok	wok
woka	woka
woklis	woklis
wol	wol
wori	woɹi
worom	woɹom
wot	wot
wotlis	wotlis
wud	wud
wuol	wuɔl
ya	ja
yaad	jaːd
yaadi	jaːdi
yaak	jaːk
yai	jaɪ
yam	jam
yampi	jampi
yaso	jaso
yaxep	jaksep
yeside	jeside
yong	joŋ
yu	ju
yumaniti	jumaniti
yunaitid	junaɪtid
yunivorsiti	junivoɹsiti
yuu	juː
yuukrien	juːkɹɪɛn
yuuman	juːman
yuuna	yuːna
yuunian	juːnjan
yuuniiknis	juːniːknis
yuunyan	juːɲan
yuurop	juːɹop
yuus	juːs
yuusful	juːsful
yuusij	juːsidʒ
yuut	juːt
yuuz	juːz
zela	zela
zuu	zuː
