abadanlıq	ɑbɑdɑnɫɯχ
abad	ɑbɑd
abadlaşdırmaq	ɑbɑdɫɑʃdɯrmɑχ
abadlıq	ɑbɑdɫɯχ
abajur	ɑbɑʒur
ab	ɑb
abdal	ɑbdɑɫ
abdəst	ɑbdæst
abduq	ɑbduɣ
abid	ɑːbid
abidə	ɑːbidæ
abırsızcasına	ɑbɯrsɯzdzɑsɯnɑ
abırsızcasına	ɑbɯrsɯzdʒɑsɯnɑ
abş	ɑbʃ
abunə	ɑbunæ
abunəçi	ɑbunætsi
abunəçi	ɑbunætʃi
ac	adz
açar	ɑtsɑr
açar	ɑtʃɑr
açar	hɑtsɑr
ac	ɑdz
ac	ɑdʒ
ac	ɑʒ
aciz	ɑːdziz
aciz	ɑːdzɯz
aciz	ɑːdʒiz
aciz	ɑːdʒɯz
acı	ɑdzɯ
acı	ɑdʒɯ
açılış	ɑtsɯlɯʃ
açılış	ɑtʃɯlɯʃ
açılmaq	ɑtsɯɫmɑχ
açılmaq	ɑtʃɯɫmɑχ
acınacaqlı	ɑdzɯnɑdzɑɣɫɯ
acınacaqlı	ɑdʒɯnɑdʒɑɣɫɯ
açıq	ɑtsɯχ
açıq	ɑtʃɯχ
açıqca	ɑtsɯɣdzɑ
açıqca	ɑtʃɯɣdʒɑ
açıqça	ɑtʃɯɣdʒɑ
açıqça	ɑtʃɯχtʃɑ
aclıq	ɑdzɫɯχ
aclıq	ɑdʒɫɯχ
aclıq	ɑʒdɯχ
aclıq	ɑʒɫɯχ
açmaq	ɑʃmɑχ
açmaq	ɑtsmɑχ
açmaq	ɑtʃmɑχ
ada	ɑdɑ
adaş	ɑdɑʃ
ad	ɑd
adət	ɑːdæt
adlanmaq	ɑdɫɑmːɑχ
afət	ɑːfæt
aftafa	ɑftɑfa
ağac	ɑɣɑdz
ağac	ɑɣɑdʒ
ağac	ɑɣɑʃ
ağacdələn	ɑɣɑdʒdælæn
ağartı	ɑɣɑrtɯ
ağbirçək	ɑɣbirtsætʃ
ağbirçək	ɑɣbirtʃæc
ağı	ɑɣɯ
ağıl	ɑɣɯɫ
ağıllı	ɑɣɯɫːɯ
ağır	ɑɣɯr
ağız	ɑɣɯz
ağızlıq	ɑɣɯzdɯχ
ağızlıq	ɑɣɯzɫɯχ
ağlabatmaz	ɑɣɫɑbaɯtmɑz
ağlama	ɑɣɫɑmɑ
ağlamaq	ɑːɫɑmɑχ
ağlamaq	ɑɣɫɑmɑχ
ağlasığmaz	ɑɣɫasɯɣmɑz
ağqoval	ɑɣgovɑɫ
ağrı	ɑɣrɯ
ağrımaq	ɑɣrɯmɑχ
ağrısız	ɑɣrɯsɯz
ağuş	ɑɣuʃ
ağzıbütöv	ɑɣzɯbytœv
ağzıbütöv	ɑɣzɯpytœv
aidiyyət	ɑidijæt
ailə	ɑilæ
aktivləşdirmək	ɑktivlæʃtirmæk
aktyor	ɑktjor
alagöz	ɑɫɑɟœz
aldanmaq	ɑɫːɑnmɑχ
aldanmaq	ɑɫdɑnmɑχ
aldatmaq	ɑɫːɑtmɑχ
aldatmaq	ɑɫdɑtmɑχ
aləm	ɑːlæm
alət	ɑːlæt
ali	ɑːli
alim	ɑːlim
alınma	ɑɫɯmːɑ
alınma	ɑɫɯnmɑ
alınmaq	ɑlɯnmɑχ
alınmaq	ɑɫɯmːɑχ
alış	ɑɫɯʃ
alışmaq	ɑɫɯʃmɑχ
alma	ɑɫmɑ
almaniya	ɑɫmɑnijɑ
almaq	ɑɫmɑχ
almaz	ɑɫmɑz
alov	ɑɫov
alovlu	ɑɫovɫu
alqış	ɑɫgɯʃ
alqış	ɑɫɣɯʃ
alqışlamaq	ɑɫgɯʃɫɑmɑχ
alqışlamaq	ɑɫɣɯʃɫɑmɑχ
alt	ɑɫt
altıncı	ɑltɯndʒɯ
altında	ɑɫtɯndɑ
altmış	ɑɫtmɯʃ
altmışıncı	ɑltmɯʃɯndʒɯ
alver	ɑlver
amal	ɑmɑɫ
amansız	ɑmɑnsɯz
amcıq	ɑmdzɯχ
amcıq	ɑmdʒɯχ
amcıqgöz	ɑmdzɯɣdʒœz
amcıqgöz	ɑmdʒɯɣɟœz
aminə	ɑminæ
amma	ɑmːɑ
amma	ɑmbɑ
ana	ɑnɑ
ancaq	ɑndzɑχ
ancaq	ɑndʒɑχ
and	ɑnd
andız	ɑndɯz
anım	ɑnɯm
anlamaq	ɑnɫɑmɑχ
anlayış	ɑnɫɑjɯʃ
anmaq	ɑmːɑχ
anmaq	ɑnmɑχ
anormal	ɑnormɑɫ
anqırmaq	ɑngɯrmɑχ
antigen	ɑntidʒen
antigen	ɑntiɟen
aparmaq	ɑpɑrmɑχ
aqibət	ɑgiːbæt
ara	ɑrɑ
araba	ɑrɑbɑ
arabir	ɑrɑbir
arada	ɑrɑdɑ
aram	ɑrɑm
aramgah	ɑrɑmɟɑh
araşdırmaq	ɑrɑʃdɯrmɑχ
araşdırmaq	ɑrɑʃtɯrmɑχ
arasında	ɑrɑsɯndɑ
arayış	ɑrɑjɯʃ
ard	ɑrd
arğac	ɑrɣɑdz
arğac	ɑrɣɑdʒ
arı	ɑrɯ
arıq	ɑrɯɣ
arıqlamaq	ɑrɯɣɫɑmɑχ
arıquşu	ɑrɯguʃu
arkadi	ɑrkɑdi
arlanmaq	ɑrːɑmːɑx
artist	ɑrtist
artıq	ɑrtɯχ
artmaq	ɑrtmɑχ
arvad	ɑrvɑd
arxac	ɑrxɑdz
arxac	ɑrxɑdʒ
arxadaş	ɑrχɑdɑʃ
arxaik	ɑrχɑic
arxalanmaq	ɑrxaɫɑmːɑx
arxalanmaq	ɑrxaɫɑnmɑx
arxasında	ɑrχɑsɯndɑ
arxiv	ɑrχiv
arxiyepiskop	ɑrxijepiskop
aşağı	ɑʃɑɣɯ
asanlıq	ɑsɑnːɯχ
asanlıq	ɑsɑnɫɯχ
aş	ɑʃ
aşğal	ɑʃɣɑɫ
aşiq	ɑːʃig
aşı	ɑʃɯ
aşılamaq	ɑʃɯɫɑmɑχ
asılı	ɑsɯɫɯ
asılılıq	ɑsɯɫɯɫɯχ
aşıq	ɑʃɯx
aşırım	ɑʃɯrɯm
aşpaz	ɑʃpɑz
asqırmaq	ɑsgɯrmɑχ
asqırmaq	ɑskɯrmɑχ
astana	ɑstɑna
astanasında	ɑstɑnɑsɯnda
asudə	ɑsuːdæ
ata	ɑtɑ
atelye	ɑtelje
atım	ɑtɯm
atlanmaq	ɑtːɑmːɑχ
atlanmaq	ɑtɫɑnmɑχ
atmaq	ɑtmɑχ
atmosfer	ɑtmosfer
atqı	ɑtgɯ
atqı	ɑtkɯ
auditoriya	ɑuditorijɑ
avam	ɑvɑm
avara	ɑvɑrɑ
avar	ɑvɑr
avarçəkən	ɑvɑrtsætʃæn
avarçəkən	ɑvɑrtʃækæn
avarçı	ɑvɑrtsɯ
avarçı	ɑvɑrtʃɯ
avqust	ɑvgust
avro	ɑvro
avroviziya	ɑvrɑviːzijɑ
avroviziya	ɑvroviːzijɑ
avtomatik	aftomatic
avtoqraf	ɑftograf
avtoş	ɑftoʃ
axın	ɑχɯn
axır	ɑχɯr
axmaq	ɑχmɑχ
axsamaq	ɑχsɑmɑχ
axşam	aχʃam
axta	ɑχtɑ
axtaçı	ɑχtɑtsɯ
axtaçı	ɑχtɑtʃɯ
axtalamaq	ɑχtɑɫɑmɑχ
axtarış	ɑχtɑrɯʃ
axtarmaq	ɑχtɑrmɑχ
axund	ɑχund
ayaq	ɑjɑχ
ayaqqabı	ɑjɑkːɑbɯ
ayaqqabı	ɑjɑχgɑbɯ
ayaqqabı	ɑjɑχkɑbɯ
ayaqyalın	ɑjɑɣjɑɫɯn
ayaqyolu	ɑjɑɣjolu
ayaz	ɑjɑz
aydın	ɑjdɯn
aydınlıq	ɑjdɯnɫɯχ
ayğır	ɑjɣɯr
ayin	ɑːjin
ayılmaq	ɑjɯɫmɑχ
ayıq	ɑjɯχ
ayıqlıq	ɑjɯɣɫɯχ
ayırmaq	ɑjɯrmɑχ
aylanmaq	ɑjɫɑmːɑχ
aylanmaq	ɑjɫɑnmɑχ
aylıq	ɑjɫɯχ
ayran	ɑjrɑn
aysberq	ɑjsberg
aysız	ɑjsɯz
azad	ɑzɑd
azadlıq	ɑzɑdɫɯχ
azalmaq	ɑzɑɫmɑχ
az	ɑz
azərbaycan	ɑːzærbɑjdzɑn
azərbaycan	ɑːzæɾbɑjdʒɑn
azğın	ɑzɣɯn
azı	ɑzɯ
azlıq	ɑzdɯχ
azlıq	ɑzɫɯχ
azmaq	ɑzmɑχ
azyaşlı	ɑzjɑʃɫɯ
baba	bɑbɑ
babasil	bɑbɑsil
bacanaq	bɑdzɑnɑχ
bacanaq	bɑdʒɑnɑχ
bacanaq	bɑʒɑnɑχ
bacarmaq	bɑdzɑrmɑχ
bacarmaq	bɑdʒɑrmɑχ
bacı	bɑdzɯ
bacı	bɑdʒɯ
bacı	bɑʒɯ
badımcan	bɑdɯmdzɑn
badımcan	bɑdɯmdʒɑn
bağana	bɑɣɑnɑ
bağban	bɑɣbɑn
bağ	bɑɣ
bağır	bɑɣɯr
bağırmaq	bɑɣɯrmɑχ
bağırsaq	bɑɣɯrsɑχ
bağışlamaq	bæːʃlæmɑχ
bağışlamaq	bɑːʃlɑmɑχ
bağışlamaq	bɑɣɯʃɫɑmɑχ
bağışlamaq	bɑɣɯʃtɑmɑχ
bağlama	bɑɣɫɑmɑ
bağlamaq	bɑɣɫɑmɑχ
bağlanmaq	bɑɣɫɑmːɑχ
bağlanmaq	bɑɣɫɑnmɑχ
bağlantı	bɑɣɫɑntɯ
bağlı	bɑɣlɯ
baha	bɑhɑ
bahadır	bɑhɑdɯr
bahalı	bɑhɑɫɯ
bahar	bɑhɑr
bakir	bɑːcir
bakir	bɑːtʃir
bakirə	bɑːciræ
bakirə	bɑːtʃiræ
bakı	bɑcɯ
balaban	bɑɫɑbɑn
bala	bɑɫɑ
balaca	bɑɫɑdzɑ
balaca	bɑɫɑdʒɑ
balalayka	bɑɫɑɫɑjkɑ
balaq	bɑɫɑx
bal	bɑɫ
baldız	bɑɫdɯz
balı	bɑːɫɯ
balıq	bɑɫɯx
balıqçı	bɑlɯχtsɯ
balıqçı	bɑlɯχtʃɯ
balış	bɑɫɯʃ
balışüzü	bɑɫɯʃyzy
baltalamaq	bɑltɑlɑmɑχ
bandaj	bɑndɑʒ
bandotdel	bɑndɑtdel
bandotdel	bɑndotdel
bani	bɑːni
baqaj	bɑgaʒ
baqajnik	bɑgaʒnic
barama	bɑrɑmɑ
barədə	bɑːrædæ
bariqa	bɑrigɑ
barı	bɑrɯ
barışmaq	bɑrɯʃmɑχ
barmaq	bɑrmɑχ
barmaqlamaq	bɑrmɑɣlɑmɑχ
barmaqlıq	bɑrmɑɣɫɯχ
baron	bɑron
baş	bɑʃ
başçı	bɑʃtsɯ
başçı	bɑʃtʃɯ
başdaşı	bɑʃdɑʃɯ
basdırmaq	bɑsdɯrmɑχ
basılmaz	bɑsɯɫmɑz
başında	bɑʃɯndɑ
basketbolçu	bɑsketboɫtsu
basketbolçu	bɑsketboɫtʃu
başlamaq	bɑʃɫɑmɑχ
başlamaq	bɑʃtɑmɑχ
başlanğıc	bɑʃɫɑnɣɯdz
başlanğıc	bɑʃɫɑnɣɯdʒ
başlanğıc	bɑʃtɑnɣɯdz
başlanğıc	bɑʃtɑnɣɯdʒ
basmaq	bɑsmɑχ
başqa	bɑʃgɑ
başqa	bɑʃkɑ
başsağlığı	bɑʃsɑɣɫɯɣɯ
bataq	bɑtɑχ
baxmaq	bɑχmɑχ
baxmayaraq	bɑχmɑjɑrɑχ
baxmayaraq	bɑχmɯjɑrɑχ
baxtalamaq	bɑχdɑɫɑmɑɣ
bayağı	bɑjɑɣɯ
bayaq	bɑjɑχ
bayat	bɑjɑt
bayquş	bɑjguʃ
bayquş	bejɣuʃ
bayraq	bɑjrɑχ
bazarlıq	bɑzɑrːɯx
bazarlıq	bɑzɑrɫɯx
bazlıq	bɑzdɯχ
bazlıq	bɑzɫɯχ
beh	bej
belə	belæ
belibağlı	belibɑɣɫɯ
benzin	benzin
beşbarmaq	beʃbɑrmɑχ
beşbetər	beʃbetær
beşbetər	beʃpætær
beşik	beʃiç
beşik	beʃij
beşik	beʃik
beşinci	beʃindʒi
betər	betær
beyin	bein
beyin	bejin
beynəlxalq	bejnælχɑlg
beynəlxalq	bejnælχɑlχ
beynəlxalq	bejnɑɫχɑlg
beynəlxalq	bejnɑɫχɑlχ
beyt	bejt
bezmək	bezmæj
bezmək	bezmæk
bədbin	bædbin
bədən	bædæn
bəhrə	bæhræ
bəkarət	bætʃɑːræt
bəla	bæɫɑ
bəlağət	bæɫɑːɣæt
bəlağətli	bæɫɑːɣætːi
bəlağətli	bæɫɑːɣætli
bələd	bælæd
bələdçi	bælædtsi
bələdçi	bælædtʃi
bəlgə	bælijæ
bəlgə	bælɟæ
bəlğəm	bælɣæm
bəlkə	bælkæ
bəlkə	bælkæm
bəlkə	bærkæ
bənd	bænd
bənək	bænæç
bənək	bænæj
bəniz	bæniz
bəniz	bæŋiz
bənna	bænːɑ
bənövşə	bænœvʃæ
bənövşəyi	bænœvʃæji
bənzər	bænzær
bənzərsiz	bænzærsiz
bərabər	bærɑːbær
bərbər	bærbæɾ
bərəkallah	bæræcɑɫːɑh
bərəkallah	bæræcɑnːɑh
bərəkət	bæræcæt
bərəkət	bærætʃæt
bərk	bærk
bərkdən	bærkdæn
bərkdən	bærktæn
bərpa	bærpɑ
bəşər	bæʃær
bəsləmək	bæslæmæk
bəsləmək	bæstæmæj
bəsləmək	bæstæmæk
bəstə	bæstæ
bəxşiş	bæxʃiʃ
bəxt	bæχt
bəxtəvər	bæχtævær
bəz	bæz
bəzən	bæːzæn
bəzi	bæzi
bibər	bibæɾ
bibi	bibi
bibioğlu	bibioɣɫu
bibiqızı	bibigɯzɯ
biçin	bitsin
biçin	bitʃin
biganə	biɟɑːnæ
bilgi	bilɟi
bilik	bilic
bilik	biliç
bilik	bilij
bilmək	bilmæj
bilmək	bilmæk
bilmək	bilmɑχ
bilmək	bilmej
bilmək	bylmɑχ
bioloji	bioloʒɯ
biqeyrət	bigejræt
biraz	birɑz
bir	bir
bircə	birdzæ
bircə	birdʒæ
birdən	birdæn
birgə	birɟæ
birinci	birimdzi
birinci	birindzi
birinci	birindʒi
birisigün	birisiɟyn
birisigün	byrsyɟyn
birləşdirmək	birːæʃdirmæj
birləşdirmək	birlæʃdirmæj
birləşmək	birːæʃmæj
birləşmək	birlæʃmæj
birlikdə	birlikdæ
birlikdə	birliktæ
bişərəf	biʃæræf
bişirmək	biʃirmæk
bişirmək	piʃirmæk
bişirmək	piʃirmɑχ
bişirmək	piʃirmej
bişmək	biʃmæk
bişmək	piʃmæk
bişmək	piʃmɑχ
bişmək	piʃmej
bit	bit
bitirmək	bitirmæj
bitirmək	bitirmæk
bitirmək	bitirmætʃ
bitişik	bitiʃik
bitmək	bitmæj
bitmək	bitmæk
bitmək	bitmɑχ
bitmək	bitmej
biyabanlıq	bijɑbɑnːɯχ
biyabanlıq	bijɑbɑnɫɯχ
biyabanlıq	bijɑvɑnːɯχ
bıçaq	bɯtʃɑχ
bıçaq	ptsɑχ
bıçaq	ptʃɑχ
bıçaq	pɯtsɑχ
bıçaq	pɯtʃɑχ
boğaz	boɣɑz
boğmaq	boɣmɑχ
boğulmaq	boɣuɫmɑχ
böhran	bœhrɑn
bolluq	boɫːuχ
bölmə	bœlmæ
boran	borrɑn
borc	bordz
borc	bordʒ
börk	bœrc
boru	boru
boşalmaq	boʃɑɫmɑχ
boşanmaq	boʃɑmːɑχ
boş	boʃ
boşqab	boʃgɑb
boşqab	buʃɣab
boyalamaq	bojɑɫɑmɑχ
boyamaq	bojɑmɑχ
boyaqotu	bojɑɣotu
böyələk	bœjælæc
böyründə	bœjryndæ
böyük	bœjyc
böyümək	bœjymæc
boyun	bojun
boyunca	bojundzɑ
boyunca	bojundʒɑ
boyunduruq	bojunduruχ
böyür	bœjyr
böyürmək	bœjyrmæç
böyürmək	bœjyrmæj
böyürmək	bœjyrmæk
böyürtkən	bœjyrtcæn
böyütmək	bœjytmæk
bozbaş	bozbɑʃ
bucaq	budzɑχ
bucaq	budʒɑχ
budaq	budɑχ
bugün	buɟyn
bugün	byjyn
bugün	byɟyn
buğur	buɣur
buğur	bɯɣɯr
bükmək	byçmɑχ
bükmək	byhmɑχ
bükmək	bykmæj
bükmək	bykmæk
bükmək	bytʃmætʃ
bulanıq	bulɑnɯχ
bulanlıq	buɫɑnːɯχ
bulanlıq	buɫɑnɫɯχ
bülbül	bylbyl
bulmaq	buɫmɑχ
bülöv	bylœv
bülövləmək	bylœvlæmæk
bunca	bundzɑ
bunca	bundʒɑ
bünövrə	bynœvræ
bünyad	bynjɑd
burada	burɑdɑ
buradan	burɑdɑn
buradan	burdɑn
buraxmaq	burɑχmɑχ
burda	buɾdɑ
burğac	burɣɑdz
burğac	burɣɑdʒ
burmaq	burmɑχ
burun	burun
bütpərəst	bytpæræst
butulka	butɯɫka
butulka	putulka
butulka	putɯlka
buxaq	buχɑχ
buxur	buxur
buynuz	bujnuz
buyruq	bujrux
buyurmaq	bujurmɑχ
buzlu	buzɫu
buzov	buzov
cadu	dzɑːdu
cadu	dʒɑːdu
çağa	tsɑɣɑ
çağa	tʃɑɣɑ
çağdaş	tsaɣdaʃ
çağdaş	tʃaɣdaʃ
çağırım	tsɑɣɯrɯm
çağırım	tʃɑɣɯrɯm
çağırış	tsɑɣɯrɯʃ
çağırış	tʃɑɣɯrɯʃ
çağırmaq	tsɑɣɯrmɑχ
çağırmaq	tʃɑɣɯrmɑχ
çağ	tsɑɣ
çağ	tʃɑɣ
çalağan	tsɑɫɑɣɑn
çalağan	tʃɑɫɑɣɑn
calamaq	dzɑɫɑmɑχ
calamaq	dʒɑɫɑmɑχ
calaq	dzɑɫɑx
calaq	dʒɑɫɑx
çalışmaq	tsɑɫɯʃmɑχ
çalışmaq	tʃɑɫɯʃmɑχ
çalışqan	tsɑɫɯʃgɑn
çalışqan	tʃɑɫɯʃgɑn
çalmaq	tsɑɫmɑχ
çalmaq	tʃɑɫmɑχ
çalma	tsɑɫmɑ
çalma	tʃɑɫmɑ
çal	tsɑɫ
çal	tʃɑɫ
camaat	dzɑmɑɑt
camaat	dzɑmɑhɑt
camaat	dʒɑmɑɑt
camaat	dʒɑmɑhɑt
canavar	dzɑnɑvɑr
canavar	dʒɑnɑvɑr
can	dzɑn
can	dʒɑn
cangüdən	dzɑndʒydæn
cangüdən	dʒɑngydæn
canlandırmaq	dzɑnɫɑndɯrmɑx
canlandırmaq	dʒɑnɫɑndɯrmɑx
çanta	tsɑntɑ
çanta	tʃɑntɑ
çapovul	tsɑpovuɫ
çapovul	tʃɑpovuɫ
çap	tsɑp
çap	tʃɑp
çaqqal	tʃɑkgɑl
çaqqı	tsɑkːɯ
çardaq	tsɑrdɑx
çardaq	tʃɑrdɑx
çarə	tsɑːræ
çarə	tʃɑːræ
çar	tsɑr
çar	tʃɑr
çaşdırmaq	tsɑʃtɯrmɑχ
çaşdırmaq	tʃɑʃtɯrmɑχ
çaşmaq	tsɑʃmɑχ
çaşmaq	tʃɑʃmɑχ
casus	dzɑːsus
casus	dʒɑːsus
çatdırmaq	tsɑtːɯrmɑχ
çatdırmaq	tʃɑtːɯrmɑχ
çatışmamazlıq	tsɑtɯʃmɑmɑzɫɯχ
çatışmamazlıq	tʃɑtɯʃmɑmɑzɫɯχ
çatışmaq	tsɑtɯʃmɑχ
çatışmaq	tʃɑtɯʃmɑχ
çatışmazlıq	tsɑtɯʃmɑzɫɯχ
çatışmazlıq	tʃɑtɯʃmɑzɫɯχ
çatmaq	tsɑtmɑχ
çatmaq	tʃɑtmɑχ
cavab	dzɑvɑb
cavab	dʒɑvɑb
cavablandırmaq	dzɑvɑbɫɑndɯrmɑχ
cavablandırmaq	dʒɑvɑbɫɑndɯrmɑχ
cavan	dzɑvɑn
cavan	dʒɑvɑn
cavanlıq	dzɑvɑnːɯχ
cavanlıq	dzɑvɑnɫɯχ
cavanlıq	dʒɑvɑnːɯχ
cavanlıq	dʒɑvɑnɫɯχ
çavuş	tsɑvuʃ
çavuş	tʃɑvuʃ
çaxmaq	ʃɑχmɑχ
çaxmaq	tsɑχmɑχ
çaxmaq	tʃɑχmɑχ
çaxnaşma	tsɑxnɑʃmɑ
çaxnaşma	tʃɑxnɑʃmɑ
çayan	tʃɑjɑn
çayxana	tsɑjχɑnɑ
çayxana	tʃɑjχɑnɑ
cazibə	dzɑːzibæ
cazibə	dʒɑːzibæ
çerez	tserez
çerez	tʃerez
çeşmək	tseʃmæç
çeşmək	tseʃmætʃ
çeşmək	tʃeʃmæç
çeşmək	tʃeʃmæj
çeşmək	tʃeʃmæk
çevrə	tsevræ
çevrə	tʃevræ
cəbhəçi	dzæphætsi
cəbhəçi	dʒæphætʃi
cəbri	dzæbri
cəbri	dʒæbri
cəhan	dʒæhɑn
cəhd	dzæhd
cəhd	dʒæhd
çəkic	tsætʃidz
çəkic	tʃækidʒ
çəkiliş	tsætʃiliʃ
çəkiliş	tʃækiliʃ
çəkilmək	tsækilmæj
çəkilmək	tʃækilmæj
çəkilmək	tʃækilmæk
çəki	tsætʃi
çəki	tʃæki
çəkmək	tsæhmɑχ
çəkmək	tsækmæj
çəkmək	tsækmæk
çəkmək	tʃækmæj
çəkmək	tʃækmæk
çəlləkçi	tsælːætʃtsi
çəlləkçi	tʃælːæktʃi
cəm	dzæm
cəm	dʒæm
cəmi	dzæmi
cəmi	dʒæmi
cəmiyyət	dzæmijæt
cəmiyyət	dʒæmijæt
cənab	dʒænɑb
Çənab	tʃænɑb
çənə	tʃænæ
çəngəl	tsæŋgæl
çəngəl	tʃæŋgæl
çərçivə	tsærtsivæ
çərçivə	tʃærtʃivæ
cərimə	dzærimæ
cərimə	dʒærimæ
çərkəz	tʃærkæz
cəsarət	dzæsɑːræt
cəsarət	dʒæsɑːræt
çətin	tsætin
çətin	tʃætin
çətir	tsætir
çətir	tʃætir
cəvabən	dzævɑːbæn
cəvabən	dʒævɑːbæn
cəvabən	dʒɑvɑːbæn
cəviz	dzæviz
cəviz	dʒæviz
cəza	dzæzɑ
cəza	dʒæzɑ
cəzalandırıcı	dzæzɑɫɑndɯrɯdzɯ
cəzalandırıcı	dʒæzɑɫɑndɯrɯdʒɯ
cəzalandırmaq	dzæzɑɫɑndɯrmɑχ
cəzalandırmaq	dʒæzɑɫɑndɯrmɑχ
cəzalanmaq	dzæzɑɫɑnmɑχ
cəzalanmaq	dʒæzɑɫɑnmɑχ
cib	dzib
cib	dʒib
çibin	tsibin
çibin	tʃibin
çiçəkləmək	tsitsætʃlæmætʃ
çiçəkləmək	tʃitʃæklæmæk
çiçək	tsitsæk
çiçək	tʃitʃæk
cihad	dzihɑd
çilingər	tsilindʒær
çilingər	tʃilinɟær
çimizdirmək	tsimizdirmæk
çimizdirmək	tʃimizdirmæj
çimizdirmək	tʃimizdirmæk
cincilim	dzindzilim
cincilim	dʒindʒilim
cinsi	dzinsi
cinsi	dʒinsi
çirkin	tsirtʃin
çirkin	tʃirkin
çirkli	tsirtʃli
çirkli	tʃirkli
çirk	tsiç
çirk	tsirtʃ
çirk	tʃirk
çisələmək	tsisælæmætʃ
çisələmək	tʃisælæmæk
çisəmək	tsisæmætʃ
çisəmək	tʃisæmæk
çiskinləmək	tsistʃinlæmætʃ
çiskinləmək	tʃiskinlæmæk
civi	dzivi
civi	dʒivi
çiyələk	tʃijælæk
çiyid	tsijid
çiyid	tʃijid
çiyin	tsijin
çiyin	tʃijin
çiy	tsij
çiy	tʃij
cizgi	dzizdʒi
cizgi	dʒizgi
cizyə	dzizjæ
cizyə	dʒizjæ
cığal	dʒɯɣɑɫ
cığır	dzɯɣɯr
cığır	dʒɯɣɯr
cındır	dzɯndɯr
cındır	dʒɯndɯr
çıraq	tsɯrɑχ
çıraq	tʃɯrɑχ
cırıq	dzɯrɯχ
cırıq	dʒɯrɯχ
cırmaq	dzɯrmɑχ
cırmaq	dʒɯrmɑχ
çırpışdırmaq	tsɯrpɯʃdɯrmɑχ
çırpışdırmaq	tʃɯrpɯʃdɯrmɑχ
çıxarmaq	tsɯχɑrtmɑχ
çıxarmaq	tʃɯχɑrtmɑχ
çıxış	tsɯχɯʃ
çıxış	tʃɯχɯʃ
çıxmaq	tsɯχmɑχ
çıxmaq	tʃɯχmɑχ
çocuq	tsodzuχ
çocuq	tʃodʒuχ
çökmək	tsœcmætʃ
çökmək	tʃœcmæc
çöküntü	tsœtʃynty
çöküntü	tʃœcynty
çöl	tsœl
çöl	tʃœl
çömçəquyruq	tʃœmtʃægujruχ
çörəkçi	tʃœræçtʃi
çörək	tsœræj
çörək	tsœrætʃ
çörək	tʃœræj
çörək	tʃœræk
çötkə	tsœttʃæ
çoxdan	tsoχdɑn
çoxdan	tʃoχdɑn
çoxnikahlılıq	tsoχnidʒɑhɫɯlɯχ
çoxnikahlılıq	tsoχnitʃɑhɫɯlɯχ
cübeyl	dʒybejl
çubuş	tsubuʃ
çubuş	tʃubuʃ
cücə	dzydzæ
cücə	dʒydʒæ
çuğundur	tʃuɣundur
cuhud	dzuhud
cuhud	dʒuhud
çul	tsuɫ
çul	tʃuɫ
cümhuriyyət	dzymhuːrijæt
cümhuriyyət	dʒymhuːrijæt
cümlə	dzymlæ
cümlə	dʒymlæ
çünki	tsynki
çünki	tsynky
çünki	tʃynki
çünki	tʃynky
çürük	tʃyryç
çürük	tʃyryh
çürük	tʃyryj
çürük	tʃyryk
cütçü	dzyttsy
cütçü	dʒyttʃy
cütçülük	dzyttsylyk
cütçülük	dʒyttʃylyk
cüt	dzyt
cüt	dʒyt
cütlük	dzytlyk
cütlük	dʒytlyk
dad	dɑːd
dad	dɑd
dadı	dɑdɯ
dağılmaq	dɑːɫmɑχ
dağılmaq	dɑɣɯɫmɑχ
dağıntı	dɑɣɯntɯ
dağlı	dɑɣɫɯ
daha	dɑhɑ
daima	dɑimɑ
daim	dɑim
dairəvi	dɑirævi
dala	dɑɫɑ
dalandar	dɑɫɑndɑr
dalaq	dɑɫɑχ
dalbadal	dɑɫbɑdɑɫ
dal	dɑɫ
daldırmaq	dɑɫdɯrmɑχ
dalğa	dɑɫɣɑ
dalınca	dɑɫɯndzɑ
dalınca	dɑɫɯndʒɑ
dalmaq	dɑɫmɑχ
damaqarxası	dɑmɑɣɑrxasɯ
damaq	dɑmɑx
damaqönü	dɑmɑɣœny
damaqortası	dɑmɑɣortɑsɯ
damar	dɑmɑr
damcı	dɑmdzɯ
damcı	dɑmdʒɯ
damğalı	dɑmɣɑɫɯ
damla	dɑmɫɑ
dan	dɑn
danimarkalı	dɑnimɑrkɑɫɯ
danışdırmaq	dɑnɯʃdɯr
danışıq	dɑnɯʃɯχ
danışmaq	danɯʃmɑχ
danmaq	dɑmːɑχ
danmaq	dɑnmɑχ
danna	dɑnːɑ
daramaq	dɑrɑmɑχ
daraq	dɑrɑχ
daraq	tɑrɑχ
dar	dɑr
darılmaq	dɑrɯɫmɑχ
dartmaq	dɑrtmɑχ
darvaza	dɑrvɑzɑ
daş	dɑʃ
daşımaq	dɑʃɯmɑχ
dava	dɑːvɑ
davamçı	dɑvɑmtsɯ
davamçı	dɑvɑmtʃɯ
davar	dɑvɑr
daxil	dɑːχil
daxili	dɑːχili
daxma	dɑxmɑ
dayamaq	dajɑmɑχ
dayanacaq	dɑjɑnɑdʒɑχ
dayandırmaq	dɑjɑndɯrmɑx
dayanmaq	dajɑmːɑχ
dayanmaq	dajɑnmɑχ
dayça	dɑjtsɑ
dayça	dɑjtʃɑ
day	dɑj
dayə	daːjæ
dayı	dɑjɯ
dayıoğlu	dɑjɯoɣɫu
dayıqızı	dɑjɯgɯzɯ
daz	dɑz
deaktivləşdirmək	deɑktivlæʃtirmæk
demək	demæk
deşik	deʃiç
deşik	deʃij
devirmək	devirmæj
devirmək	devirmæk
deyəsən	dejæsæn
deyəsən	dijæsæn
deyinmək	dejinmæc
dəb	dæb
dədə	dædæ
dəfə	dæfæ
dəfnə	dæfnæ
dəftər	dæftær
dəhənz	dæhænz
dələ	dælæ
dəli	dæli
dəlixana	dæliχɑnɑ
dəm	dæm
dəmirçi	dæmirtsi
dəmirçi	dæmirtʃi
dəmiryol	dæmirjoɫ
dəmləmək	dæmlæmæç
dəmləmək	dæmlæmæj
dəmləmək	dæmlæmæk
dənə	dænæ
dənizçilik	dæniztsiliç
dənizçilik	dæniztʃilik
dəqiq	dægig
dəqiqə	dæːgæ
dəqiqə	dægiːgæ
dəqiqə	dægigæ
dəqiqə	dæjgæ
dəqiqə	dɑɣɑ
dərd	dærd
dərhal	dærhɑɫ
dəri	dæri
dərin	dærin
dərinlik	dærinlij
dərman	dærmɑn
dərs	dærs
dərzi	dærzi
dəstək	dæstæç
dəstək	dæstæj
dəstəmaz	dæstæmɑz
dəxil	dæxil
dəxl	dæxl
dəxmə	dæxmæ
dəyə	dæjæ
dəyər	dæjær
dəyirman	dæjirmɑn
dəyişdirmək	dæjiʃdirmæj
dəyişdirmək	dæjiʃdirmæk
dəyişdirmək	dæjiʃtirmæj
dəyişdirmək	dæjiʃtirmæk
dəyişik	dæjiʃic
dəyişkən	dæjiʃcæn
dəyişmək	dæjiʃmæj
dəyişmək	dæjiʃmæk
dəymək	dæjmæj
dəymək	dæjmæk
dəymək	dæjmɑχ
dəyməz	dæjmæz
dəymiş	dæjmiʃ
didərgin	didærɟin
didik	didic
didmək	didmæc
digər	didʒær
digər	diɟær
dikbaş	dikbɑʃ
dikbaş	ditʃbɑʃ
dik	dic
dik	ditʃ
dikmək	dicmæc
dikmək	dikmæj
dikmək	ditʃmæç
diktor	diktor
dilab	diɫɑb
dilab	diɫɑf
dilçi	diltsi
dilçi	diltʃi
dilçilik	diltsilij
dilçilik	diltsilik
dilçilik	diltʃilij
dilçilik	diltʃilik
dil	dil
dilənçi	dilæntsi
dilənçi	dilæntʃi
dilənçilik	dilæntsilitʃ
dilənçilik	dilæntʃilik
dilənmək	dilæmːæj
dilənmək	dilæmːæk
dilənmək	dilænmæj
dilənmək	dilænmæk
dilim	dilim
dilimi	dilimi
dilmanc	dilmɑndz
dilmanc	dilmɑndʒ
dincəlmək	dindzælmæj
dincəlmək	dindzælmæk
dincəlmək	dindʒælmæj
dincəlmək	dindʒælmæk
dindar	dindar
din	din
dindirmə	dindirmæ
dinləmək	dinːæmæc
dinləmək	dinlæmæc
dinləmək	dinlæmɑχ
dirçəliş	dirtsæliʃ
dirçəliş	dirtʃæliʃ
diş	diʃ
diskriminasiya	diskriminɑsija
dişləmək	diʃtæmæj
dişləmək	diʃtæmæk
dişləmək	diʃtæmɑχ
divar	divɑr
divar	duvɑr
dığa	dɯɣɑ
dılaq	dɯɫɑχ
dıllaq	dɯɫːɑχ
dındıq	dɯndɯx
dırmıq	dɯrmɯχ
dırnaq	dɯrnɑχ
dışarı	dɯʃɑrɯ
dnt	deente
doğmaq	doɣmɑχ
doğramaq	doɣrɑmɑχ
doğrudan	doɣrudɑn
doğrudan	doɣurdɑn
doğulmaq	doɣuɫmɑχ
dolab	doɫɑb
dolamac	doɫɑmɑdz
dolaşmaq	doɫɑʃmɑx
döl	dœl
doldurmaq	doɫdurmɑχ
dolğun	doɫɣun
dölləndirmək	dœlːændirmæc
dolma	doɫmɑ
dolmaq	doɫmɑχ
dolu	doɫu
dombalaq	domːbɑlɑx
dondurma	dondurmɑ
dondurmaq	dondurmɑχ
dönər	dœnær
dönərxana	dœnærχɑnɑ
donmaq	domːɑχ
donmaq	donmɑχ
dönmək	dœmːæj
dönmək	dœmːæk
dönmək	dœnmæj
dönmək	dœnmæk
dönüş	dœnyʃ
donuz	donuz
doqquzuncu	dokːuzundʒu
dörd	dœrd
dördgöz	dœrddʒœz
dördgöz	dœrdɟœz
dördüncü	dœɾdyndʒy
döşəkağı	dœʃæjɑɣɯ
döşək	dœʃæj
döşək	dœʃæk
dost	dost
dostluq	dostːuχ
dostluq	dostɫuχ
dövr	dœvr
dövrə	dœvræ
dövrəvi	dœvrævi
dövri	devri
dövri	dœvri
dövri	dœvry
dövriyyə	dœvrijæ
doxsanıncı	doxsɑnɯndʒɯ
döymək	dœgmæj
döymək	dœgmej
döymək	dœjmæc
döymək	dœjmæj
döymək	dœjmɑχ
döyüş	dœjyʃ
dözmək	dœzmæj
dözmək	dœzmæk
dözülməz	dœzylmæz
dözüm	dœzym
dözümlü	dœzymly
dözümlülük	dœzymlylyj
dözümlülük	dœzymlylyk
dözümsüz	dœzymsyz
dözümsüzlük	dœzymsyzlyj
dözümsüzlük	dœzymsyzlyk
dua	duɑ
dübarə	dybaːræ
dublyaj	dubljɑʒ
düha	dyhɑ
dükançı	dycantʃɯ
dükançı	dytʃantsɯ
dükan	dycan
dükan	dytʃan
dükan	tycan
dükan	tytʃan
dülgər	dylɟær
dulusçu	duɫustsu
dulusçu	duɫustʃu
dulus	duɫus
duman	dumɑn
dünən	dynæn
dünyəvi	dynjæːvi
durğuzmaq	durɣuzmɑx
durmaq	durmɑχ
durna	durnɑ
duruş	duruʃ
dürüst	dyryst
dürüstlük	dyɾysdyç
düş	dyʃ
düşman	dyʃmɑːn
düşmək	dyʃmæk
düşmək	tyʃmæk
düşmənçilik	dyʃmæntsilitʃ
düşmənçilik	dyʃmæntʃiliç
düşmənçilik	dyʃmæntʃilij
düşmənçilik	dyʃmæntʃilik
düşmən	dyʃmæn
dustaq	dustɑχ
düş	tyʃ
düşünmək	dyʃymːæj
düşünmək	dyʃymːɑχ
duvaq	duvɑx
dux	duχ
düyə	dyjɑ
duyğu	dujɣu
duymaq	dujmɑχ
düyü	dyjy
düzbucaqlı	dyzbudzɑɣɫɯ
düzbucaqlı	dyzbudʒɑɣɫɯ
düz	dyz
düzəlmək	dyzælmæj
düzəlmək	dyzælmæk
düzəlmək	dyzælmɑχ
düzəlmək	dyzælmej
düzəltmək	dyzæltmæc
düzəltmək	dyzæltmæj
düzəltmək	dyzæltmej
düzəltmək	dyzætmɑχ
düzən	dyzæn
düzgün	dyzɟyn
ecgahan	ædzdʒɑhɑn
ecgahan	ædʒɟɑhɑn
ecgahan	æʒɟejin
ecgahan	edʒɟɑhɑn
ecgahan	ejdzɑːn
ecgahan	ejdzɑhɑn
ecgahan	ejdʒɑːn
ecgahan	ejdʒɑhɑn
ecgahan	eʒɟæhin
ecgahan	eʒɟɑːn
ecgahan	eʒɟɑhɑn
ecgahan	eʒɟɑn
edam	eːdam
ehtiram	ehtirɑm
ehtiramlı	ehtirɑmɫɯ
ehtiramsız	ehtirɑmsɯz
ehtiras	ehtirɑs
ehtiyatla	ehtijɑtɫɑ
elçilik	eltsilitʃ
elçilik	eltʃiliç
elçilik	eltʃilik
elə	elæ
eləmək	elæmæk
elita	elitɑ
elitar	elitɑr
elxan	elχɑn
endirmə	endirmæ
endirmək	endirmæc
en	en
enmək	emːæk
enmək	enmæj
enmək	enmæk
epidemiologiya	epidemioɫoɟijɑ
epidemioloji	epidemioloʒɯ
epidemiya	epidemijɑ
ertə	ertæ
ertələmə	ertælæmæ
eşitmək	eʃitmæj
eşitmək	eʃitmæk
etdirmək	etːirmæj
etdirmək	etːirmæk
etdirmək	etdirmæj
etdirmək	etdirmæk
etimoloji	etimoloʒɯ
etiraf	eːtirɑf
etiraz	eːtirɑz
etmək	etmæj
etmək	etmæk
evcik	evdzitʃ
evcik	evdʒij
evcik	evdʒik
ev	ev
evlənmək	evlæmːæj
evlənmək	evlæmːæk
evsiz	evsiz
eybəcər	ejbædzær
eybəcər	ejbædʒær
eyham	ejhɑm
eyib	æjib
eyib	æɟib
eyib	ɑjɯb
eyib	ejib
eyləmək	ejlæmæk
eyləmək	ejlæmɑχ
eynək	ejnæç
eynək	ejnæj
eynək	ejnæk
eyni	ɑjnɯ
eyni	ejni
əbd	æbd
əbədilik	æbædilij
əbədilik	æbædilik
əbədiyyət	æbædijæt
əbrişim	æbriʃim
əcəl	ædzæl
əcəl	ædʒæl
əcəl	æʒæl
Əcəm	ædʒæm
əcəm	ædʒæm
ədalət	ædɑːlæt
ədalətsizlik	ædɑːlætsizlic
ədat	ædat
ədəd	ædæd
Ədhəm	ædhæm
ədhəm	ædhæm
ədliyyə	ædlijæ
ədviyyə	ædvijæ
ədviyyəli	ædvijæli
əfv	æf
əgər	ædʒær
əgər	æjæɾ
əgər	æɟæɾ
əhali	æhɑli
əhəmiyyət	æhæmijæt
əhəmiyyətli	æhæmijætli
əhl	æhl
əhvalat	æhvɑɫɑt
əjdaha	æʒdɑhɑ
əjdəha	æʒdæhɑ
əkil	ækil
əkil	ætʃil
əklil	æklil
əklil	ætʃlil
əkmək	ækmæj
əkmək	ækmæk
əksəriyyət	æksærijæt
əksinə	æcsinæ
əla	æːɫɑ
əla	æɫɑ
əlaçı	æːɫɑtsɯ
əlaçı	æːɫɑtʃɯ
əl	æl
əlaqə	æɫɑːgæ
əlavə	ælɑːvæ
əlçatanlıq	æltsɑtɑnɫɯχ
əlçatanlıq	æltʃɑtɑnːɯχ
əlçatanlıq	æltʃɑtɑnɫɯχ
əlçatmaz	æltsɑtmɑz
əlçatmaz	æltʃɑtmɑz
əlçatmazlıq	æltsɑtmɑzɫɯχ
əlçatmazlıq	æltʃɑtmɑzɫɯχ
əlcək	ældzæk
əlcək	ældʒæk
Əlcəzair	ældʒæzɑːiɾ
əlcəzairli	ældʒæzɑːiɾli
əleyhinə	ælejhinæ
əlfəcin	ælfædzin
əlfəcin	ælfædʒin
əlindən	ælinːæn
əlindən	ælindæn
əliyalın	ɑælijɑɫɯn
əlli	ælli
əllinci	ællindʒi
əlüstü	ælysty
əlvan	ælvɑn
əlvida	ælvidɑ
əlyazı	æljɑzɯ
əmanət	æmɑːnæt
əmcək	æmdzæj
əmcək	æmdʒæj
əmək	æmæj
əmək	æmæk
əməl	æmæl
əmi	æmi
əmin	æmin
Əminə	æminæ
əmioğlu	æmioɣɫu
əmiqızı	æmigɯzɯ
əmizdirmək	æmizdirmæk
əmmək	æmːæj
əmmək	æmːæk
əmn	æmn
əmr	æmr
əmsal	æmsɑl
əmzik	æmzic
əncam	ændzɑm
əncam	ændʒɑm
əndazə	ændɑːzæ
ənənə	ænæːnæ
ənənəvi	ænænæːvi
əng	æŋg
ənis	ænis
ənlik	ænlic
ənsə	ænsæ
Əntilyas	æntiljɑs
Ənuşirəvan	ænuʃirævɑn
əqdəm	ægdæm
ər	æɾ
ərbab	ærbɑb
ərimək	ærimæj
ərimək	ærimæk
əriş	æriʃ
əriştə	æriʃtæ
əritmək	æritmæj
əritmək	æritmæk
əritmək	æritmɑχ
əş	æʃ
əsarət	æsɑːræt
əsasən	æsɑːsæn
əsəb	æsæb
əsər	æsær
əsgər	æsgær
əsgər	æskær
əsin	æsin
əsir	æsir
əski	æsci
əsnəmək	æsnæmæj
əsnəmək	æsnæmæk
əsrarəngiz	æsraræŋɟiz
əsrik	æsriç
əsrik	æsrij
əsrik	æsrik
əsrik	æsritʃ
əsrik	æsriχ
əsrik	æsryj
əsrik	æsryχ
əsrimək	æsrimæj
əsrimək	æsrimæk
əşya	æʃjɑ
ət	æt
ətağa	æːtɑɣɑ
ətalət	ætaːlæt
ətçəkən	ættʃækæn
ətək	ætæj
ətək	ætæk
ətək	ætætʃ
ətirşah	ætirʃɑh
ətsatan	ætsɑtɑn
əttökən	ætːœcæn
ətyeyən	ætjejæn
əvət	ævæt
əvəzlik	ævæzdic
əvəzlik	ævæzlic
əxlaq	æhɫɑg
əxlaq	æhɫɑk
əxlaq	æhɫɑχ
əxlaq	æχɫɑg
əxlaq	æχɫɑk
əxlaq	æχɫɑχ
əxz	æχz
əyin	æjin
əyləc	æjlædz
əyləc	æjlædʒ
əyləmək	æjlæmæj
əyləmək	æjlæmæk
əyləncə	æjlændzæ
əyləncə	æjlændʒæ
əylənmək	æjlænmæj
əylənmək	æjlænmæk
əyləşmək	æjlæʃmæk
əymək	æjmæk
əyri	æjri
Əzizə	æzizæ
əzm	æzm
əzvay	æzvɑj
fabrik	fɑbrik
fahişə	fɑhiʃæ
fahişəlik	fɑhiʃælik
fahişəxana	fɑhiʃæχɑnɑ
faiz	fɑiz
faiz	fɑjɯz
fani	fɑːni
fars	fɑrs
faşizm	fɑʃizm
ferma	fermɑ
fəaliyyət	fæɑlijæt
fəhlə	fæhlæ
fəlsəfə	fælsæfæ
fərli	færːi
fərli	færli
fərq	færg
fərqlənmək	færglæmːæj
fərqlənmək	færglæmːæk
fəryad	færjɑd
fəsil	fæsil
fətəli	fætæli
fəzzan	fæzzɑn
fikirləşmək	ficirːæʃmæj
fikirləşmək	ficirlæʃmæj
film	film
firqə	firgæ
firuzə	firuːzæ
fit	fit
fitnə	fitnæ
fındıq	fɯndɯχ
fındıqqıran	fɯndɯɣgɯrɑn
fırtına	fɯɾtɯnɑ
fonoloji	fonoɫoʒɯ
fövqəladə	fœvgælɑːdæ
fövqəladə	fœvgɑɫɑdɑ
futbolçu	futboɫtsu
futbolçu	futboɫtʃu
füzelyaj	fyzeljɑʒ
gah	ɟɑh
gec	dʒedz
gecə	dʒedzæ
gecə	ɟedʒæ
gecəqondu	dʒedzægondu
gecəqondu	ɟedʒægondu
gec	ɟedʒ
general	ɟenerɑɫ
geniş	dʒeniʃ
geniş	ɟeniʃ
genişlənmək	ɟeniʃlæmːæc
genişlənmək	ɟeniʃlænmæc
geri	ɟeri
getmək	dʒetmɑχ
getmək	ɟetmæc
getmək	ɟetmæç
getmək	ɟetmæj
geydirmə	ɟejdirmæ
geyim	dʒejim
geyim	ɟejim
geyinmək	ɟejinmæk
geymək	ɟejmæk
gəlincik	dʒælindzitʃ
gəlincik	ɟælindʒic
gəlin	ɟælin
gəlmə	ɟælmæ
gəlmək	ɟælmæc
gəlmək	ɟælmæç
gəlmək	ɟælmæj
gəmi	dʒæmi
gəmi	ɟæmi
gəmirici	dʒæmiridzi
gəmirici	ɟæmiridʒi
gəmirmək	ɟæmirmæç
gənc	dʒændz
gənc	ɟændʒ
gənclik	dʒændzlitʃ
gənclik	ɟændʒlik
gərək	ɟæræj
gərək	ɟæræk
gərəkmək	ɟæræcmæç
gərgin	ɟærɟin
gətirmək	ɟætirmæc
gəzdirmək	dʒæzdirmɑχ
gəzdirmək	ɟæzdirmæj
gəzdirmək	ɟæzdirmæk
gəzdirmək	ɟæzdirmej
gəzmək	dʒæzmɑχ
gəzmək	ɟæzmæj
gəzmək	ɟæzmæk
gəzmək	ɟæzmej
Ğ	ɣ
gicdıllaq	ɟiʒdɯɫːɑχ
gic	dʒidz
gicgah	dʒidzdʒɑh
gicgah	ɟidʒɟɑh
gic	ɟidʒ
giley	dʒilej
giley	ɟilej
gileylənmək	dʒilejlænmætʃ
gileylənmək	ɟilejlænmæc
gilə	dʒilæ
gilə	ɟilæ
girdə	ɟirdæ
giriş	ɟiriʃ
girişmək	ɟiriʃmæc
girmək	dʒirmɑχ
girmək	ɟirmæk
girmək	ɟirmej
giryə	ɟirjæ
gizləmək	ɟizdæmæk
gizləmək	ɟizlæmæk
gizlənmək	ɟizdænmæk
gizlənmək	ɟizlænmæk
gizlənpaç	ɟizdænpɑtʃ
gizlənpaç	ɟizlænpɑtʃ
gizlətmək	dʒizlætmɑχ
gizlətmək	ɟizdætmæk
gizlətmək	ɟizlætmæk
gizli	dʒizli
gizli	ɟizdi
gizli	ɟizli
gizlin	dʒizlin
gizlin	ɟizdin
gizlin	ɟizlin
göbələk	ɟœbælæj
göbələk	ɟœbælæk
göl	dʒœl
göl	ɟœl
gombul	ɟombuɫ
gömmək	ɟœmːæj
gömmək	ɟœmːæk
göndərmək	dʒœndærmɑχ
göndərmək	ɟœndærmæk
gopçu	ɟoptʃu
gop	ɟop
gorbagor	ɟorbɑɟor
görə	dʒœræ
görə	ɟœræ
görəsən	dʒœræsæn
görəsən	ɟœræsæn
gor	ɟor
görmək	dʒœrmɑχ
görmək	ɟœrmæk
görünmək	dʒœrynmætʃ
görünmək	ɟœrynmæk
görüşdürmək	ɟœryʃdyrmæc
görüş	dʒœryʃ
görüş	ɟœryʃ
görüşmək	dʒœryʃmætʃ
görüşmək	ɟœryʃmæc
göstəriş	dʒœstæriʃ
göstəriş	ɟœstæriʃ
göstərmək	dʒœstærmɑχ
göstərmək	ɟœstærmæk
göt	dʒœt
göt	ɟœt
götürmək	ɟœtyrmæk
götvərən	dʒœtværæn
götvərən	ɟœtværæn
götvərənlik	ɟœtværænlik
gövdə	ɟœvdæ
göydələn	ɟœjdælæn
göy	dʒœj
göyərçin	dʒœjærtsin
göyərçin	ɟœjærtʃin
göyərçin	ɟœɟærtʃin
göyərti	dʒœjærti
göyərti	ɟœjærti
göyərti	ɟœɟærti
göy	ɟœj
gözləmək	dʒœzlæmɑχ
gözləmək	ɟœzdæmæc
gözləmək	ɟœzdæmej
gözləmək	ɟœzlæmæc
gözlənilməz	ɟœzdænilmæz
gözlənilməz	ɟœzlænilmæz
gözlənti	ɟœzdænti
gözlənti	ɟœzlænti
gözlük	dʒœzlytʃ
gözlük	ɟœzlyc
gözmuncuğu	dʒœzmundzuɣu
gözmuncuğu	ɟœzmundʒuɣu
gözüaçıq	dʒœzyɑtsɯχ
gözüaçıq	ɟœzyɑtʃɯχ
güc	dʒyʒ
güclü	dʒydzly
güclü	ɟydʒly
gülab	dʒylɑb
gülab	ɟylɑb
gülərüz	ɟylæryz
gülərüzlü	ɟylæryzly
güləşçi	dʒylæʃtsi
güləşçi	ɟylæʃtʃi
güləş	dʒylæʃ
güləş	ɟylæʃ
gül	ɟyl
güllə	ɟylːæ
güllələmək	dʒylːælæmɑχ
güllələmək	ɟylːælæmæk
gülmək	dʒylmɑχ
gülmək	ɟylmæc
gülnarə	dʒylnɑːræ
gülnarə	ɟylnɑːræ
gülümsəmək	ɟylymsæmæj
gülümsəmək	ɟylymsæmæk
gülüş	ɟylyʃ
gümüş	ɟymyʃ
günah	dʒynɑh
günah	ɟunɑh
günah	ɟynɑh
günahkar	dʒunahtʃɑr
günahkar	ɟunahcɑr
günahkar	ɟynahcɑr
günahsız	dʒynɑhsɯz
günahsız	ɟunɑhsɯz
günahsız	ɟynɑhsɯz
güncəl	dʒyndzæl
güncəl	ɟyndʒæl
gündəlik	dʒyndælik
gündəlik	ɟyndælik
gündüz	dʒyndyz
gündüz	ɟyndyz
gün	dʒyn
günəbaxan	ɟynæbɑxɑn
günəş	ɟynæʃ
gün	ɟyn
günorta	ɟynortɑ
günya	ɟynjɑ
gürcü	dʒyrdzy
gürcü	ɟyrdʒy
gürcüstan	dʒyɾdzystɑn
gürcüstan	ɟyɾdʒystɑn
gurluq	ɟurːuχ
gurluq	ɟurɫuχ
güvənmək	ɟyvæmːæj
güvənmək	ɟyvænmæk
haçan	hɑtʃɑn
hakim	hɑːkim
hakimiyyətçi	hɑːcimijættʃi
hakimiyyətçi	hɑːtʃimijættsi
hakimiyyət	hɑːkimijæt
hakimiyyət	hɑːtʃimijæt
halbuki	hɑɫbuki
hamar	hɑmɑr
hamilə	hɑmilæ
hamiləlik	hɑːmilælic
hamı	hɑmːɯ
hamısı	hɑmːɯsɯ
hamısı	hɑmsɯ
hanı	hɑnɯ
hansı	hɑnsɯ
haqq	hɑg
haqq	hɑχ
haqqında	hɑkːɯndɑ
harada	hɑrɑda
haradan	hɑrɑdan
hara	hɑrɑ
haralı	hɑrɑɫɯ
harasa	hɑrɑsɑ
haraya	hɑrɑjɑ
harda	hɑrda
hardasa	hɑrdɑsɑ
hasa	hɑsɑ
hasar	hɑsɑr
hasilat	hɑːsiɫɑt
hava	hɑvɑ
havaxt	hɑvɑχt
hayan	hɑjɑn
hazır	hɑzɯr
hazırkı	hɑzɯrki
hazırkı	hɑzɯrkɯ
hazırlamaq	hɑzɯrːɑmɑχ
hazırlamaq	hɑzɯrɫɑmɑχ
hazırlaşmaq	hɑzɯrːɑʃmɑχ
hazırlaşmaq	hɑzɯrɫɑʃmɑχ
hazırlıq	hɑzɯrːɯχ
hazırlıq	hɑzɯrɫɯχ
heç	hets
heç	hetʃ
hekayə	hecɑːjæ
hekayət	hecɑːjæt
hesabına	heːsɑbɯnɑ
heykəl	hejkæl
heykəltəraş	hejkæltærɑʃ
hədəf	hædæf
hədə	hædæ
hədiyyə	hædijæ
həftəlik	hæftæliç
həftəlik	hæftælij
həftəlik	hæftælik
həkim	hækim
hələb	hælæb
hələ	hælæm
həlim	hælim
həmdilli	hæmdilːi
həmin	hæmin
həmişə	hæmːæʃæ
həmişə	hæmːiʃæ
həmişə	hæmiʃæ
həmişə	hæmʃæ
həmrəy	hæmræç
həmrəy	hæmræj
həmrəy	hæmræk
həmrəylik	hæmræjlij
həmrəylik	hæmræjlik
həmsöhbət	hæmsœːbæt
həmsöhbət	hæmsœhbæt
həmsöhbət	hæmsœjbæt
həmyaş	hæmjɑʃ
həndəsə	hændæsæ
həngamə	hæŋɟɑːmæ
həqarət	hægɑːræt
həqiqi	hægiːgi
hərarət	hærɑræt
hərbçi	hærbtsi
hərbçi	hærbtʃi
hərbi	hærbi
hərdənbir	hærdænbir
hərdən	hærdæn
hərəkət	hærækæt
hər	hær
həsrət	hæsræt
həştərxan	hæʃtærχɑn
hətmən	hætmæn
həyat	hæjɑt
həzm	hæzm
hilal	hilɑl
his	his
hissə	hisːæ
hiss	hisː
hiylə	hijlæ
hökumət	hœcuːmæt
hökumət	hœcymæt
homoseksuallıq	homoseksuaɫːɯχ
hoqqa	hokːɑ
hörmətcil	hœrmætdzil
hörmətcil	hœrmætdʒil
hörmətli	hœrmætli
hörümçək	hœrymtʃæj
hörümçək	hœrymtʃæk
hövsələ	hœfsælæ
hövsələ	hœvsælæ
hovuz	hovuz
hövzə	hœvzæ
hüceyrə	hydʒejræ
hücrə	hydzræ
hücrə	hydʒræ
hüdud	hydud
hündür	hyndyr
hüquq	hygug
huş	huʃ
huşsuzluq	huʃsuzdux
huşsuzluq	huʃsuzɫux
hüzn	hyzn
hüznlü	hyznly
ibarət	ibɑːræt
ibrani	ibrɑːni
ibrə	ibræ
ibri	ibri
icad	idzɑd
icad	idʒɑd
icazə	idzɑːzæ
icazə	idʒɑːzæ
içəri	itsæri
içəri	itʃæri
içində	itsindæ
içində	itʃindæ
içizdirmək	itsizdirmæk
içizdirmək	itʃizdirmæj
içizdirmək	itʃizdirmæk
içkili	itstʃili
içkili	itʃkili
iclas	idzɫɑs
iclas	idʒɫɑs
icma	idzmɑ
icma	idʒmɑ
içmək	iʃmɑχ
içmək	itʃmæj
içmək	itʃmæk
idarə	idɑːræ
idi	idi
idmançı	idmɑntsɯ
idmançı	idmɑntʃɯ
iflas	ifɫɑs
igidlik	igidlij
igidlik	igidlik
ikiarvadlı	ikiɑrvɑdɫɯ
ikiarvadlılıq	ikiɑrvɑdɫɯlɯχ
ikinci	icindʒi
ilbiz	ilbiz
ildırım	iɫdɯrɯm
ildırım	ɯɫdɯɾɯm
ilə	ilæ
ilıq	iɫɯχ
ilk	ilk
ilkin	ilkin
ilkin	iltʃin
imarət	imɑːræt
imkan	imtʃɑn
imla	imɫɑ
inad	inɑd
inadkar	inɑdcɑr
inadkarlıq	inɑdcɑrːɯχ
inadkarlıq	inɑdcɑrɫɯχ
inanc	inɑndz
inanc	inɑndʒ
inanılmaz	inɑnɯɫmɑz
inanmaq	inɑmːɑχ
incə	indzæ
incə	indʒæ
inci	indzi
inci	indʒi
incimək	indzimætʃ
incimək	indʒimæj
incimək	indʒimæk
incitmək	indzitmætʃ
incitmək	indʒitmæj
incitmək	indʒitmæk
indi	indi
ingilis	iŋgilis
inilti	inilti
insan	insɑn
intibah	intibɑh
intihar	intihɑr
intiqam	intigɑm
intişar	intiʃɑr
inzibat	inzibɑt
ipək	ipæj
ipək	ipæk
ipəkqurdu	ipæcgurdu
iqlim	iglim
iranşünas	iɾanʃynɑs
irəli	iræli
irgənmək	irdʒænmætʃ
irgənmək	irɟæmːæc
irgənmək	irɟænmæc
iri	iri
irin	irin
irlandiyalı	irɫɑndijɑlɯ
irmaq	irmɑχ
işçi	iʃtsi
işçi	iʃtʃi
işəmək	iʃæmæj
işəmək	iʃæmæk
ishal	ishɑɫ
işıq	iʃɯχ
işıqlandırmaq	iʃɯɣɫɑndɯrmɑx
işıq	ɯʃɯχ
islandiyalı	isɫɑndijɑlɯ
işlək	iʃdæk
işlək	iʃlæk
işləmək	iʃlæmæk
işləmək	iʃlæmɑχ
işləmək	iʃtæmæj
işləmək	iʃtæmej
iştaha	iʃdɑhɑ
iştaha	iʃtɑhɑ
istedadlı	istedɑdɫɯ
istedadsız	istedɑdsɯz
istehsalçı	istehsɑɫtsɯ
istehsalçı	istehsɑɫtʃɯ
istehsal	istehsɑɫ
istəmək	istæmæj
istəmək	istæmæk
istəmək	istæmɑχ
istəmək	istæmej
iştibah	iʃtibɑh
istifadə	istifɑːdæ
isti	isːi
isti	isti
istilik	istiliç
istilik	istilik
istilik	istilitʃ
istilikölçən	istilijœltʃæn
istilikölçən	istilikœltʃæn
istilikölçən	istilitʃœltsæn
istiot	istiot
istiqamət	istigɑːmæt
istiqbal	istigbɑɫ
istiqbal	istiɣbɑɫ
istiqlal	istigɫɑɫ
istiqlaliyyət	istigɫɑːlijæt
istiqraz	istigrɑz
istirahət	istirɑːhæt
iştirak	iʃtirɑk
istismar	istismɑr
istisna	istisnɑ
isveçli	isvetsli
isveçli	isvetʃli
isveçrəli	isvetsræli
isveçrəli	isvetʃræli
işverən	iʃveræn
itaət	itɑæt
itaətsizlik	itɑætsizlik
itburnu	itburnu
itələmək	itælæmæj
itələmək	itælæmæk
itirmək	itirmæc
itirmək	itirmæj
itirmək	itirmɑχ
itirmək	itirmej
itkin	inkin
itmək	itmæj
itmək	itmæk
ivrit	ivrit
ixtilaf	ixtiɫɑf
ixtiraçı	ixtirɑːtsɯ
ixtiraçı	ixtirɑːtʃɯ
ixtira	ixtirɑ
ixtisar	iχtisɑr
iydə	ijdæ
iyirmi	igirmi
iyirmi	ijirmi
iyirminci	ijiɾmindʒi
iynə	ijnæ
izin	izin
izləmək	izlæmæj
izləmək	izlæmæk
izləmək	izlæmɑχ
izləmək	izlæmej
janr	ʒɑnr
jasmin	ʒɑsmin
jurnalist	ʒurnalist
jurnal	ʒurnɑɫ
kabab	cɑbɑb
kaftar	cɑftɑr
kaftar	tʃɑftɑr
kağız	cɑɣɯz
kağız	tʃɑɣɯz
kalan	cɑɫɑn
kal	cɑɫ
kamança	tʃɑmɑntsɑ
kanalizasiya	gɑnɑlizɑsijɑ
kanalizasiya	kɑnɑlizɑsijɑ
karp	kɑrp
karvansara	cɑrvɑnsɑrɑ
kasa	casa
kasa	tʃɑsɑ
kaş	cɑʃ
kaş	tʃɑʃ
katib	cɑːtib
katib	cɑːtɯb
katibə	cɑːtibæ
katibə	tʃaːtibæ
katib	tʃaːtib
katib	tʃaːtɯb
keçəl	ketʃæl
keçəllənmək	ketʃælːænmæj
keçəllənmək	ketʃælːænmæk
keçəllənmək	tʃetsælːænmætʃ
keçəl	tʃetsæl
keçən	cetʃæn
keçən	tʃetsæn
keçi	cetʃi
keçi	dʒetsi
keçinmək	cetʃinmæc
keçinmək	cetʃinmæj
keçinmək	tʃetsinmætʃ
keçi	tʃetsi
keçmək	cetʃmæc
keçmək	ɟeʃmɑx
kəfən	cæfæn
kəfən	tʃæfæn
kəfgir	cæfɟir
kəfgir	tʃæfdʒir
kəklik	cæclic
kəklikotu	cæclicotu
kəklikotu	cæclijotu
kəlbətin	cælbætin
kəlbətin	tʃælbætin
kəlçə	cæltʃæ
kəlçə	tʃæltsæ
kələk	cælæc
kələk	tʃælætʃ
kəllə	cælːæ
kəllə	tʃælːæ
kəlmə	cælmæ
kəlmə	tʃælmæ
kənar	cænɑr
kənar	tʃænɑr
kənd	cænd
kənd	cæt
kəpək	kæpæj
kəpək	kæpæk
kəpək	tʃæpætʃ
kəpənək	cæpænæc
kərə	kæræ
kərki	cærci
kərki	tʃærtʃi
kərt	cært
kərtənkələ	cærtæncælæ
kərt	tʃært
kəs	cæs
kəsək	cæsæc
kəsək	tʃæsæc
kəsəl	cæsæl
kəsəl	tʃæsæl
kəsik	cæsic
kəsik	tʃæsitʃ
kəsilmək	cæsilmæc
kəsilmək	tʃæsilmɑχ
kəsmək	cæsmæk
kəsmək	tʃæsmɑχ
kətayun	kætɑjun
ki	ci
kiçik	cçitsij
kiçik	citʃic
kiçik	citʃiç
kiçik	citʃij
kiçik	tsitsih
kiçilmək	cçitsilmæj
kiçilmək	citʃilmæc
kiçilmək	citʃilmæj
kiçilmək	citʃilmætʃ
kiçilmək	citʃilmej
kiçilmək	tsitsilmæh
ki	cin
kifirləşmək	cifirːæʃmæj
kifirləşmək	cifirlæʃmæj
kilsə	cilsæ
kim	cim
kimdənsə	cimdænsæ
kimdənsə	cimnænsæ
kimdəsə	cimdæsæ
kiməsə	cimæsæ
kimi	cimi
kiminləsə	ciminlæsæ
kiminsə	ciminsæ
kimisə	cimisæ
kimi	tʃimi
kimlik	cimlik
kimlik	tʃimlitʃ
kimsə	cimsæ
kimsədə	cimsædæ
kimsədən	cimsædæn
kimsəni	cimsæni
kimsənin	cimsænin
kimsəyə	cimsæjæ
kimya	cimja
kimyaçı	cimjatʃɯ
kimyaçı	tʃimjatsɯ
kimya	tʃimja
kimyəvi	cimjæːvi
kimyəvi	tʃimjæːvi
kinayə	cinɑːjæ
kirəc	cirædʒ
kirəc	tʃirædz
kiriş	ciriʃ
kirli	cirːi
kirli	cirli
kirpi	cirpi
kirpik	cirpic
kişibaz	kiʃibɑz
kişibazlıq	kiʃibɑzɫɯχ
kişmiş	ciʃmiʃ
kişmiş	tʃiʃmiʃ
kitabxana	citɑbχɑnɑ
kitabxanaçı	citɑbxɑnɑtʃɯ
kitabxanaçı	tʃitɑbxɑnɑtsɯ
kitayski	citɑjsci
kitayski	tʃitɑjsci
kobud	tʃobud
köçəri	cœtʃæri
köçəri	tʃœtsæri
köçkün	cœtʃcyn
köçkün	tʃœtstʃyn
kodlaşdırma	kodɫɑʃdɯrmɑ
koğuş	coɣuʃ
köhnə	cœhnæ
köhnə	cœjnæ
köhnə	tʃœhnæ
kök	cœc
kökəlmək	kœkælmæj
kökəlmək	kœkælmæk
köks	cœcs
köks	tʃœtʃs
kol	coɫ
kölgə	cœlɟæ
kömək	cœmæc
kömək	cœmæç
kömək	cœmæj
kömək	cœmætʃ
kömək	cœmej
kommunizm	kɑmunizm
kommunizm	komunizm
kömür	kœmyr
kömür	tʃœmyr
könül	cœnyl
könül	cœŋyl
könül	dʒœːl
köpək	cœpæc
köpək	cœpæç
köpək	kœpæj
köpük	cœpyc
kor	cor
körpə	kœrpæ
körpə	tʃœrpæ
körpü	cœrpy
köşək	cœʃæc
köşək	cœʃæj
köşək	tʃœʃætʃ
kösöv	kœsœv
kösöv	tʃœsœv
köynək	cœjnæc
köynək	tʃœjnætʃ
kravat	krɑvɑt
küçə	cytʃæ
küçə	tsytsæ
küçə	tʃytsæ
küftə	cyftæ
küftə	tʃyftæ
külək	cylæc
külək	cylæç
külək	cylæj
külək	tʃylætʃ
kül	kyl
küll	cyl
künc	tʃyndz
kündür	cyndyr
kündür	tʃyndyr
kürəcik	cyrædʒik
kürəcik	tʃyrædzitʃ
kürəkçi	kyræktʃi
kürəkçi	tʃyrætʃtsi
kürəkən	kyrækæn
kürəkən	tʃyrætʃæn
küsmək	kysmæj
küsmək	kysmæk
kuxna	kuxna
labüd	ɫɑːbyd
laçın	ɫɑtsɯn
laçın	ɫɑtʃɯn
lahiyə	ɫɑːhijæ
lakin	laːcin
lakin	laːtʃin
lampoçka	ɫɑmbɯtskɑ
lampoçka	ɫɑmpɯtskɑ
lampoçka	ɫɑmpɯtʃkɑ
laqeyd	ɫɑːgejd
layihə	ɫɑːjihæ
layiq	lɑːjig
layiq	lɑːjik
lazım	ɫɑːzɯm
lazım	ɫɑzɯm
lazımsız	ɫɑzɯmsɯz
lehinə	læhinæ
leysan	lejsɑn
ləhcə	læhdʒæ
ləhcəşünas	læhdʒæʃynɑs
ləhcəşünaslıq	læhdʒæʃynɑsɫɯχ
lətifə	lætifæ
ləzgi	læzɟi
liman	limɑn
lökbatan	lœcbɑtɑn
lökbatan	lœtʃbɑtɑn
lök	lœc
lök	lœtʃ
loru	loru
lövbər	lœvbær
lüğət	lyɣæt
lütfən	lytfæn
lüt	lyt
maarifçilik	mɑːriftsiliç
maarifçilik	mɑːriftsilitʃ
maarifçilik	mɑːriftʃilij
maarifçilik	mɑːriftʃilik
maarifçi	mɑːriftsi
maarifçi	mɑːriftʃi
maarifləndirmək	mɑːriflændirmæj
maarifləndirmək	mɑːriflændirmæk
maariflənmək	mɑːriflænmæj
maariflənmək	mɑːriflænmæk
maarif	mɑːrif
macar	mɑdzɑr
macar	mɑdʒɑr
macəra	mɑːdzærɑ
macəra	mɑːdʒærɑ
mahiyyətcə	mɑhijætdʒæ
mahiyyət	mɑːhijæt
mahnı	mɑhnɯ
makedoniya	mɑtʃedonijɑ
mal	mɑɫ
manat	mɑnɑt
mane	mɑːne
maraqlı	mɑrɑɣɫɯ
maraq	mɑrɑɣ
maraq	mɑrɑx
masa	mɑsɑ
matç	mɑttʃ
mayalandırmaq	mɑjɑɫɑndɯrmɑx
mazut	mɑzut
memar	meːmɑr
memar	memɑr
mem	mem
mesaj	mesɑʒ
meydança	mejdɑntsɑ
meydança	mejdɑntʃɑ
meydan	mejdɑn
meyit	mejit
meyitxana	mejitχɑnɑ
meynə	mejnæ
məbəd	mæːbæd
məcazi	mædzɑːzi
məcazi	mædʒɑːzi
məclis	mædzlis
məclis	mædʒlis
mədə	mæːdæ
mədəni	mædæni
mədəniyyət	mædænijæt
mədrəsə	mædræsæ
məfhum	mæfhum
məğlubiyyət	mæɣɫubijæt
məğlub	mæɣɫub
məhəlli	mæhælːi
məhkəmə	mæhkæmæ
məhşər	mæhʃær
məhsul	mæhsuɫ
məhşur	mæhʃur
məhz	mæhs
məhz	mæhz
məktəb	mæçtæb
məktəb	mæktæb
məktub	mæctub
məktub	mæhtub
mələfə	mælæfæ
mələz	mælæz
məlum	mæːɫum
məmməd	mæmmæd
məmur	mæːmur
məmur	mæmur
məna	mæːnɑ
mənasız	mæːnɑsɯz
mənfəət	mænfææt
mənimsəmək	mænimsæmæj
mənimsəmək	mænimsæmæk
mənimsəmə	mænimsæmæ
mənzərə	mænzæɾæ
məqsədəuyğunluq	mægsædæujɣunɫuχ
məqsədəuyğunluq	mæksædæujɣunɫuχ
məqsədəuyğun	mægsædæujɣun
məqsədəuyğun	mæksædæujɣun
məqsəd	mægsæd
məqsəd	mæksæd
mərasim	mærɑːsim
mərhələ	mærhælæ
mərifət	mærifæt
mərkəzi	mærkæzi
məruzə	mæruːzæ
məsafə	mæsɑːfæ
məsələn	mæsælæn
məsləhət	mæslæhæt
məşrutə	mæʃruːtæ
məsul	mæːsuɫ
mətbəəçi	mætbæætsi
mətbəəçi	mætbæætʃi
mətbəə	mætbææ
mətbəx	mætbæχt
məxəz	mæχæz
məxfi	mæxfi
məyus	mæːjus
məziyyət	mæzijæt
məzlum	mæzɫum
məzuniyyət	mæzunijæt
milad	miɫɑd
milçək	miltsætʃ
milçək	miltʃæc
millət	milːæt
minbər	minbær
minmək	mimːæk
minmək	minmæk
minmək	minmɑχ
minmək	minmej
min	min
minnətdar	minːætdɑr
mirzə	mirzæ
mişar	miʃɑr
mişar	mɯʃɑr
misilsiz	misilsiz
mismar	mismɑɾ
mıx	mɯχ
möcüzə	mœːdʒyzæ
möhtərəm	mœhtæræm
molekul	molekuɫ
molla	molːa
morfoloji	mɑrfɑloʒi
morfoloji	mɑrfɑloʒɯ
morfoloji	morfoloʒɯ
mötəbər	mœːtæbær
mövcudluq	mœvdzudɫuχ
mövcudluq	mœvdʒudɫuχ
mövhumat	mœvhumɑt
müavinət	myɑːvinæt
mübarizə	mubɑːrizæ
mübarizə	mybɑːrizæ
müəllif	myælːif
müəllimə	myælːimæ
müəllimlik	myælːimlic
müəllim	myælːim
müflis	myflis
muğayat	muɣɑːjet
muğayat	muɣɑjɑt
müğənni	myɣænːi
mühacirət	myhɑːdziræt
mühacirət	myhɑːdʒiræt
mühacir	myhɑːdzir
mühacir	myhɑːdʒir
müharibə	myhɑːribæ
mühazirəçi	myhɑːzirætsi
mühazirəçi	myhɑːzirætʃi
mühəndis	myhændis
mühərrik	myhærːik
mühüm	myhym
müjdəçi	myʒdætsi
müjdəçi	myʒdætʃi
müjdə	mydʒdæ
müjdə	myʒdæ
mülayim	myɫɑːjim
münaqişə	mynɑːgiʃæ
münbit	mynbit
muncuq	mundzux
muncuq	mundʒux
mundar	mundɑr
mundar	mɯndɑr
münşi	mynʃi
müntəxəbat	myntæxæbɑt
müqavimət	mygɑːvimæt
müqayisə	mygɑːjisæ
müqəssir	mygæsːir
murdar	murdɑr
mürəkkəb	myrækːæb
müsabiqə	mysɑːbigæ
müsahibə	mysɑːhibæ
müşahidə	myʃɑːhidæ
musa	musɑ
müşəmbə	myʃæmbæ
musiqi	muːsigi
müstəqillik	mystægilliç
müstəqillik	mystægillij
müstəqillik	mystægillik
müstəqil	mystægil
müştəri	myʃtæri
müstəsna	mystæsna
muştuluqçu	muʃtuɫuχtsu
muştuluqçu	muʃtuɫuχtʃu
muştuluq	muʃtuluχ
mütəəllim	mytæːlːim
mütləq	mytlæg
mütləq	mytlæk
müttəfiq	mytːæfig
müvəffəqiyyət	myvæfægijæt
müxalifət	muxɑlifæt
müxalifət	myxɑːlifæt
müxbir	myxbir
muxtar	muχtɑr
müxtəlif	myxtælif
müzakirə	myzɑːciræ
muzdur	muzdur
nadir	nɑːdir
nağıl	nɑɣɯɫ
nahiyə	nɑːhijæ
nakam	nɑːcɑm
nal	nɑɫ
namaz	nɑmɑz
naməlum	nɑːmælum
namə	nɑːmæ
nanə	nɑːnæ
narahat	nɑrɑhɑt
narazı	nɑrɑːzɯ
narın	nɑːrɯn
narkotacir	nɑrkotɑːdzir
narkotacir	nɑrkotɑːdʒir
narkoticarət	nɑrkotidzɑːræt
narkoticarət	nɑrkotidʒɑːræt
naşir	nɑːʃir
natamamlıq	nɑtɑmɑmɫɯχ
natamamlıq	nɑtɑmɑnɫɯχ
natəmiz	nɑːtæmiz
nazik	nɑːzic
nazirlik	nɑːzirlic
nazirlik	nɑːzirlij
nazir	nɑːzir
neçənci	netsændzi
neçənci	netʃændʒi
necə	nedzæ
necə	nedʒæ
neçəyədir	netsjædir
neçəyədir	netʃjædir
neftçi	nefttsi
neftçi	nefttʃi
neft	næft
neft	neft
nemət	neːmæt
nemət	nejmæt
neyçün	nejtʃyn
neyləmək	nejlæmæj
neyləmək	nejlæmæk
neynəmək	nejnæmæj
neynəmək	nejnæmæk
nəbi	næbi
nəcib	nædzib
nəcib	nædʒib
nəçi	nætsi
nəçi	nætʃi
nəcis	nædzis
nəcis	nædʒis
nəfər	næfær
nəfəs	næfæs
nəfs	næfs
nəğmə	næɣmæ
nəm	næm
nənə	nænæ
nəqərat	nægɑːræt
nəql	nægl
nərdivan	nærdivɑn
nəsə	næsæ
nəşə	næʃæ
nəşəxor	næʃæxor
nəsib	næsib
nəsil	næsil
nəşr	næʃr
nətər	nætær
nəticə	nætidzæ
nəticə	nætidʒæ
nəticəsində	nætidzæsindæ
nəticəsində	nætidʒæsindæ
nəvə	nævæ
nəyəsə	næjæsæ
nəyinsə	næjinsæ
nəyisə	næjisæ
nəzakət	næzɑːkæt
nicat	nidzɑt
nicat	nidʒɑt
nifrət	nifræt
nijad	niʒɑd
nikbin	nikbin
niyə	nijæ
nökər	nœcær
nökər	nœtʃær
nömrə	nœmræ
nöqtə	nœktæ
növbə	nœvbæ
noxta	noxtɑ
nümayəndə	nymɑːjindæ
nümayəndə	nymɑjæːndæ
nümunəvi	nymuːnævi
oboy	ɑboj
ocaqlıq	odzɑɣɫɯχ
ocaqlıq	odʒɑɣɫɯχ
ocaq	odzɑχ
ocaq	odʒɑχ
oçerk	otsertʃ
oçerk	otʃerk
ödəniş	œdæniʃ
ödənişsiz	œdæniʃsiz
ödlük	œdlyç
ödlük	œdlyj
ödlük	œdlyk
öd	œd
odun	odun
öfgə	œfdʒæ
öfgə	œfɟæ
öfgə	ofɟæ
ögey	œɟæj
ögey	œɟej
oğlaq	oɣɫɑχ
oğru	oɣru
oğul	oɣuɫ
oğurlamaq	oɣurːɑmɑχ
öküz	œkyz
olay	oɫɑj
ölçmək	œltsmæj
ölçmək	œltsmæk
ölçmək	œltsmɑχ
ölçmək	œltʃmæj
ölçmək	œltʃmæk
ölçmək	œʃmɑχ
ölçü	œltsy
ölçü	œltʃy
oldu	oɫdu
öldürmək	œldyrmæj
öldürmək	œldyrmæk
öldürmək	œldyrmɑχ
ölət	œlæd
ölət	œlæt
ölkə	œlcæ
olmaq	olmɑχ
ölmək	œlmæk
ölmək	œlmɑχ
olsun	oɫsun
olsun	osːun
ölümcül	œlymdzyl
ölümcül	œlymdʒyl
ölüm	œlym
ölüsoyan	œlysojɑn
ölüxana	œlyχɑnɑ
öndər	œndær
önəmli	œnæmli
önşərt	œnʃært
onuncu	onundʒu
onurğa	onurɣɑ
öpmək	œpmæj
öpmək	œpmæk
öpüşmək	œpœpyʃmæj
öpüşmək	œpyʃmæk
oradan	orɑdɑn
oradan	ordɑn
orada	orɑdɑ
ördəkburun	œrdækburun
ördək	œrdæç
ördək	œrdæj
ördək	œrdæk
ordu	ordu
örgənmək	œrɟæmːæc
örgənmək	œrɟænmæc
örgəşmək	œrɟæʃmæc
örpək	œrpæç
örpək	œrpæj
orta	ortɑ
örtmək	œrtmæj
örtmək	œrtmæk
örtmək	œrtmɑχ
örtmək	œtmɑχ
örtük	œrtyç
örtük	œrtyj
öskürmək	œsɟyrmɑχ
öskürmək	œskyrmæj
osturaqçı	osturaχtsɯ
osturaqçı	osturaχtʃɯ
osturaq	osturɑχ
osurmaq	osurmɑχ
otaqda	otɑɣdɑ
otaq	otɑχ
ötəri	œtæri
ötkəm	œtkæm
otlamaq	otːɑmɑx
otlamaq	otɫɑmɑx
ötrü	œtry
oturacaq	oturɑdzɑχ
oturacaq	oturɑdʒɑχ
oturmaq	oturmɑχ
oturuş	oturuʃ
otuzuncu	otuzundʒu
otval	ɑtvɑɫ
ovçu	ovtsu
ovçu	ovtsɯ
ovçu	ovtʃu
ovçu	ovtʃɯ
ovdan	ovdɑn
övlad	evlɑd
övlad	œvlɑd
övladsız	œvɫɑdsɯz
övladsız	œvɫɑtsɯz
ovlaq	ovɫɑχ
ov	ov
övrə	œvræ
ovsar	ovsɑr
ovuc	oudz
ovuc	ovudz
ovuc	ovudʒ
ovuq	œːχ
ovuq	œjyχ
ovuq	ojuχ
ovuq	ouχ
ovuq	ovuχ
ovuq	ujuɣ
öxbə	œhbæ
öxbə	œxbæ
oxşamaq	oχʃɑmɑχ
oxşarlıq	oχʃɑrlɯχ
oxşar	oχʃɑr
oxumaq	oχumaχ
oxuşmaq	oxuʃmɑx
oxutmaq	oχutmɑχ
oyanış	ojɑnɯʃ
oyanmaq	ojɑmːɑχ
oyanmaq	ojɑnmɑχ
öyəc	œdʒædz
öyəc	œjædz
öyəc	œjædʒ
öyəc	œɟædʒ
oymaq	ojmɑx
oynamaq	ojnɑmɑχ
öyrənmək	œjrænmæj
öyrənmək	œjrænmæk
öyrətmək	œjrætmæj
öyrətmək	œjrætmæk
oyun	ojun
özəl	œzæl
özünlə	œzynlæ
paçka	pɑʃkɑ
paçka	pɑtʃkɑ
palata	pɑɫɑtɑ
palçıq	pɑɫtsɯχ
palçıq	pɑɫtʃɯχ
paltaryuyan	pɑɫtɑrjujɑn
papaq	pɑpɑχ
papiros	pɑpiros
parlamaq	pɑrlɑmɑχ
partal	pɑrtɑl
partlamaq	pɑrtːɑmɑχ
partlatmaq	pɑrtːɑtmɑχ
partlayış	pɑrtːɑjɯʃ
pasxa	pɑsχɑ
patrondaş	pɑtrondɑʃ
paxıllıq	pɑχɯɫːɯχ
paxıl	pɑχɯɫ
paxır	pɑχɯr
paxmel	pɑxmel
payız	pɑjɯz
paylaşım	pɑjɫɑʃɯm
paytaxt	pɑjtɑχt
peçenye	pitsenːi
peçenye	pitʃenːi
pencək	pendʒæk
pencər	pendzær
pencər	pendʒær
pendir	pendir
penis	penis
pensiya	pensijɑ
peşə	peʃæ
petux	petuχ
peyğəmbər	pejɣæmbær
peyğəmbər	pejɣɑmbær
peyvənd	pejvænd
pənah	pænɑh
pəncab	pændʒɑb
pəncərə	pændzæræ
pəncərə	pændʒæræ
pəncərə	pendzæræ
pəncərə	pendʒæræ
pərakəndəlik	pærɑːcændælic
pərakəndə	pærɑcændæ
pərvanə	pærvɑːnæ
pillə	pilːæ
pilotsuz	piɫotsuz
pinti	pinti
pis	pis
pivə	piːvæ
pivəxana	piːvæχɑnɑ
planet	pɫɑnet
plaş	pɫɑʃ
plov	pɫov
poçtalyon	potʃtɑljon
poçt	poʃt
poçt	potʃt
podkast	pɑdkɑst
podkat	pɑdgɑt
podkat	pɑtkɑt
polis	polis
polkovnik	pɑɫkovnik
populyar	populjɑɾ
portuqal	poɾtugɑl
pota	potɑ
pozmaq	pozmɑχ
premyera	premjera
prodüser	prodysːer
prodüser	prodyser
proqnozlaşdırmaq	prɑgnozlɑʃdɯrmɑχ
proqnozlaşdırmaq	prognozlɑʃdɯrmɑχ
proqramçı	progrɑmtsɯ
proqramçı	progrɑmtʃɯ
proqramlaşdırma	progrɑmɫɑʃdɯrmɑ
pul	puɫ
pulsuz	puɫsuz
pünhan	pynhɑn
qabağa	gɑbɑɣɑ
qabağa	gɑvɑɣɑ
qabağında	gɑbɑɣɯndɑ
qabaqcadan	gɑbɑɣdʒɑdɑn
qabaqcıl	gɑbɑɣdzɯɫ
qabaq	gɑbɑχ
qabaq	gɑvɑχ
qabaqlamaq	gɑbɑɣɫɑmɑχ
qab	gɑb
qabırğa	gɑbɯrɣɑ
qabyuyan	gɑbjujɑn
qaçaqaç	gɑtsɑgɑts
qaçaqaç	gɑtʃɑgɑtʃ
qaçaq	gɑtsɑχ
qaçaq	gɑtʃɑχ
qaçaqmalçılıq	gɑtsɑɣmɑɫtsɯɫɯχ
qaçaqmalçılıq	gɑtʃɑɣmɑɫtʃɯɫɯχ
qaçaqmal	gɑtsɑɣmɑɫ
qaçaqmal	gɑtʃɑɣmɑɫ
qaçınmaq	gɑtsɯmːɑx
qaçınmaq	gɑtsɯnmɑx
qaçınmaq	gɑtʃɯmːɑx
qaçınmaq	gɑtʃɯnmɑx
qaçırmaq	gɑtsɯrmɑχ
qaçırmaq	gɑtʃɯrmɑχ
qaçış	gɑtsɯʃ
qaçış	gɑtʃɯʃ
qaçmaq	gɑtsmɑχ
qaçmaq	gɑtʃmɑχ
qaçqın	gɑtsgɯn
qaçqın	gɑtʃgɯn
qadağa	gɑdɑɣɑ
qadağan	gɑdɑɣɑn
qada	gɑdɑ
qadın	gɑdɯn
qadın	kɑdɯn
qadın	xɑtun
qadın	xɑtɯn
qafiyə	gɑfijæ
qafqaz	gɑfgɑz
qafqaz	gɑfkɑz
qalamaq	gɑɫɑmɑx
qalaq	gɑɫɑχ
qalayçı	gɑɫɑjtsɯ
qalayçı	gɑɫɑjtʃɯ
qalay	gɑɫɑj
qaldırmaq	gɑldɯrmɑχ
qalib	gɑːlib
qalibiyyət	gɑːlibijjæt
qalmaqal	gɑɫmɑgɑɫ
qalmaqal	gɑɫmɑɣɑɫ
qalmaq	gɑɫmɑχ
qalstuk	gɑɫstuk
qaltaqçı	gɑɫtɑχtsɯ
qaltaqçı	gɑɫtɑχtʃɯ
qaltaq	gɑɫtɑχ
qaluboy	gɑɫuboj
qalxmaq	gɑɫχmɑχ
qanacaq	gɑnɑdzɑχ
qanacaq	gɑnɑdʒɑχ
qanacaqlı	gɑnɑdzɑɣɫɯ
qanacaqlı	gɑnɑdʒɑɣɫɯ
qanad	gɑnɑd
qanamaq	gɑnɑmɑχ
qanbur	gɑnbur
qancıq	gɑndzɯχ
qancıq	gɑndʒɯχ
qandal	gɑndɑɫ
qandallamaq	gɑndɑɫːɑmɑx
qan	gɑn
qanmaq	gɑmːɑχ
qanmaq	gɑnmɑχ
qanmaz	gɑmːɑz
qanmaz	gɑnmɑz
qanun	gɑːnun
qanunverici	gɑːnunveridzi
qanunverici	gɑːnunveridʒi
qapan	gɑpɑn
qapaq	gɑpɑχ
qapı	gɑpɯ
qapmaq	gɑpmɑχ
qarabağ	gɑrɑbɑɣ
qarabaşaq	gɑrɑbɑʃɑx
qaraciyər	gɑrɑdzijær
qaraciyər	gɑrɑdʒijær
qaradərili	gɑrɑdærili
qara	gæræ
qara	gɑrɑ
qaralama	gɑrɑɫɑmɑ
qaralamaq	gɑrɑɫɑmɑχ
qaranlıq	gɑrɑnːɯχ
qaranlıq	gɑrɑnɫɯχ
qarayara	gɑrɑjɑrɑ
qardaşlıq	gɑrdɑʃdɯχ
qardaşlıq	gɑrdɑʃɫɯχ
qarət	gɑːræt
qar	gɑr
qarınca	gɑrɯndzɑ
qarınca	gɑrɯndʒɑ
qarın	gɑrɯn
qarınqulu	gɑrɯnguɫu
qarışdırmaq	gɑrɯʃtɯrmɑχ
qarışıq	gɑrɯʃɯχ
qarışmaq	gɑrɯʃmɑχ
qarışqa	gɑrɯʃgɑ
qarışqa	gɑrɯʃkɑ
qarşı	gɑrʃɯ
qarşılamaq	gɑrʃɯɫɑmɑχ
qarşılıqlı	gɑrʃɯɫɯɣɫɯ
qarşısında	gɑrʃɯsɯndɑ
qaş	gɑʃ
qaşımaq	gɑʃɯmɑχ
qaşınmaq	gɑʃɯnmɑχ
qasıq	gɑsɯx
qaşıq	gɑʃɯχ
qasırğa	gɑsɯrɣa
qaşqaldaq	gɑʃgɑldɑχ
qat	gæt
qat	gɑt
qatı	gɑtɯ
qatıq	gɑtɯχ
qatışıq	gɑtɯʃɯχ
qax	gɑx
qaya	gɑjɑ
qayçı	gɑjtʃɯ
qayçı	gejtsi
qayda	gɑjdɑ
qaydasında	gɑjdɑsɯndɑ
qayğı	gɑjɣɯ
qayğıkeş	gɑjɣɯkeʃ
qayıdış	gɑjɯdɯʃ
qayınana	gɑjɯnɑnɑ
qayınata	gɑjɯnɑtɑ
qayırmaq	gɑjɯrmɑχ
qayırmaq	geːɾmɑχ
qayırmaq	gejiɾmɑχ
qayırmaq	ɣɑːrmɑχ
qayıtmaq	gɑjɯtmɑχ
qayıtmaq	geːtmɑχ
qayıtmaq	gejitmɑχ
qaynamaq	gɑjnɑmɑχ
qaynatmaq	gɑjnɑtmɑχ
qaytarmaq	gɑjtɑrmɑχ
qaytarmaq	gejtærmɑχ
qazanc	gɑzɑndz
qazanc	gɑzɑndʒ
qazanılmaq	gɑzɑnɯɫmɑx
qazanılmış	gɑzɑnɯɫmɯʃ
qazanmaq	gɑzɑmːɑχ
qazanmaq	gɑzɑnmɑχ
qaz	gɑz
qazıntı	gɑzɯntɯ
qazmaq	gɑzmɑχ
qeyri	gejri
qəbir	gæbir
qəbiristan	gæbristɑn
qədər	gædæɾ
qədər	χædær
qədim	gædim
qəfəs	gæfæs
qəhbə	gæhbæ
qəhbə	gæhpæ
qəhbəlik	gæhbælij
qəhbəlik	gæhbælik
qəhbəlik	gæhpælij
qəhbəlik	gæhpælik
qəhrəman	gæhræmɑn
qəhrəmanlıq	gæhræmɑnɫɯχ
qəhvə	gæhvæ
qəlbən	gæɫbæn
qəlb	gælb
qələbə	gælæbæ
qəliz	gæliz
qəlyan	gæljɑn
qəməngiz	gæmæŋɟiz
qənd	gænd
qənirsiz	gænirsiz
qəpik	gæpiç
qəpik	gæpih
qəpik	gæpij
qəpik	gæpik
qərənfil	gæɾænfil
qəribə	gæriːbæ
qəssab	gæsːɑb
qətl	gætl
qətrə	gætræ
qəzet	gæzet
qəzəl	gæzæl
qiblə	giblæ
qiymət	gijmæt
qıcıqlandırmaq	gɯdzɯɣɫɑndɯrmɑχ
qıcıqlandırmaq	gɯdʒɯɣɫɑndɯrmɑχ
qıdıqlamaq	gɯdɯɣɫɑmɑχ
qıf	gɯf
qıfılçı	gɯfɯɫtsɯ
qıfılçı	gɯfɯɫtʃɯ
qıfıl	gɯfɯɫ
qıfıllı	gɯfɯɫːɯ
qığılcım	gɯɣɯɫdzɯm
qığılcım	gɯɣɯɫdʒɯm
qığlamaq	gɯɣɫɑmɑχ
qıjı	gɯʒɯ
qılınmaq	gɯɫɯmːɑχ
qılınmaq	gɯɫɯnmɑχ
qılmaq	gɯɫmɑχ
qınamaq	gɯnɑmɑχ
qınaq	gɯnɑχ
qırağı	gɯrɑɣɯ
qıraq	gɯrɑχ
qıraqlar	gɯrɑɣɫɑr
qırğın	gɯrɣɯn
qır	gɯr
qırmaq	gɯrmɑχ
qırmızı	gɯrmɯzɯ
qırmızı	ɣɯrmɯzɯ
qırpmaq	gɯrpmɑχ
qırxayaq	gɯrχɑjɑχ
qırxmaq	gɯrχmɑχ
qısa	gɯsɑ
qış	gɯʃ
qışlaq	gɯʃlɑχ
qışlaq	gɯʃtɑχ
qışqırmaq	gɯʃgɯrmɑχ
qışqırmaq	kɯʃkɯrmɑχ
qıt	gɯt
qıvrım	gɯvrɯm
qıymaq	gɯjmɑχ
qızdırmaq	gɯzdɯrmaχ
qızılbalıq	gɯzɯɫbɑɫɯχ
qızılqaz	gɯzɯɫgɑz
qızılquş	gɯzɯɫguʃ
qızışmaq	gɯzɯʃmɑχ
qızlıq	gɯzdɯχ
qızlıq	gɯzɫɯχ
qızmaq	gɯzmɑχ
qoboy	goboj
qoca	godzɑ
qoca	godʒɑ
qocalıq	godzɑɫɯχ
qocalıq	godʒɑɫɯχ
qohum	gohum
qohumluq	gohumɫuχ
qolac	goɫɑdz
qolac	goɫɑdʒ
qol	goɫ
qoltuq	goɫtuχ
qonaq	gonɑχ
qonaqlıq	gonɑɣɫɯɣ
qonaqlıq	gonɑɣɫɯχ
qonaqpərəst	gonɑχpæræst
qonaqpərvər	gonɑχpærvær
qonşu	gonʃu
qoparmaq	gopɑrmɑx
qopmaq	gopmɑχ
qor	gor
qorumaq	gorumɑχ
qoruqçu	goruχtsu
qoruqçu	goruχtʃu
qorxaq	gorχɑχ
qorxaqlıq	gorχɑɣɫɯχ
qorxmaq	gorxmɑx
qorxmaz	gorχmɑz
qorxu	gorχu
qorxutmaq	gorχutmɑχ
qoşmaq	goʃmaχ
qoşulmaq	goʃuɫmaχ
qoşun	goʃun
qovmaq	govmɑχ
qövm	gœvm
qovulma	govuɫma
qovulmaq	govuɫmaχ
qovun	gohun
qovun	govun
qoydurmaq	gojdurmɑχ
qoymaq	gojmɑχ
qoz	goz
qrip	grip
qucaq	gudzɑx
qucaq	gudʒɑx
qucaqlamaq	gudzaɣɫɑmɑχ
qucaqlamaq	gudʒaɣɫɑmɑχ
qucaqlaşmaq	gudzaɣɫɑʃmɑχ
qucaqlaşmaq	gudʒaɣɫɑʃmɑχ
quduzluq	guduzɫuχ
qu	gu
qulaq	guɫɑχ
qul	guɫ
qüllə	gylːæ
qumbara	gumbɑrɑ
qumuq	gumuχ
qundaq	gundax
qunduz	gunduz
qurbağa	gurbɑɣɑ
qurmaq	gurmɑχ
qurnaz	gurnɑz
qurtarmaq	gurtɑrmɑχ
qurtarmaq	kutarmɑχ
qurtulmaq	gurtuɫmɑχ
qurtulmaq	gutuɫmɑχ
quru	guru
qurum	gurum
qurutmaq	gurutmɑχ
quş	guʃ
quşi	guʃi
qusmaq	gusmɑχ
qüsn	gysn
qutab	gutɑb
qutab	kutɑb
quyruq	gujruɣ
quyu	guju
quzey	guzej
rabitə	rɑːbitæ
rahatlıq	rɑhɑtlɯχ
rahat	rɑhɑt
rama	rɑmɑ
rejissor	reʒisːor
rəfiqə	ræfiːgæ
rəğbət	ræɣbæt
rəğmən	ræɣmæn
rəhbər	ræhbær
rəhm	ræhm
rəngləmək	ræŋlæmæk
rəng	ræŋg
rəsədxana	ræsædxɑnɑ
rəvac	rævadz
rəvac	rævɑdʒ
rəvayət	rævɑːjæt
riayət	riɑjæt
rozetka	rɑzetkɑ
ruhani	ruhɑːni
ruhi	ruːhi
rüşvət	ryʃvæt
rüşvətxorluq	ryʃvætxorːux
rüşvətxorluq	ryʃvætxorɫux
ruzigar	ruziɟar
ruzigar	ryzdʒar
ruzigar	ryzɟar
ruznamə	ruznɑmæ
saat	sɑɑt
saat	sɑhɑt
sabah	sɑbɑh
sabah	zɑvɑχ
sabit	sɑːbit
saçmaq	sɑtsmɑχ
saçmaq	sɑtʃmɑχ
sac	sɑdz
sac	sɑdʒ
saç	sɑts
saç	sɑtʃ
sadalamaq	sɑdɑɫɑmɑχ
sadaq	sɑdɑχ
sadə	sɑːdæ
şadlıq	ʃɑdɫɯχ
şad	ʃɑd
sağalmaq	sɑɣɑɫmɑχ
sağaltmaq	sɑɣɑɫtmɑχ
sağdış	sɑɣdɯʃ
şagird	ʃɑːɟiɾt
sağlıq	sɑɣɫɯx
sağmal	sɑɣmɑɫ
sağmaq	sɑɣmɑχ
sağsağan	sɑxsaɣan
sağ	sɑɣ
şahanə	ʃɑhɑːnæ
sahib	sɑhib
şahid	ʃɑːhid
şahmatçı	ʃɑhmɑttsɯ
şahmatçı	ʃɑhmɑttʃɯ
şahmat	ʃɑhmɑt
şair	ʃɑːir
salamat	sælɑmɑt
salamat	sɑɫɑmɑt
salmaq	sɑɫmɑχ
sal	sɑɫ
şalvar	ʃɑɫvɑr
saman	sɑːmɑn
saman	sɑmɑn
Şamaxı	ʃɑmɑχɯ
şamçı	ʃɑmtsɯ
şamçı	ʃɑmtʃɯ
sami	sɑmi
samiyə	sɑmijæ
şam	ʃɑm
saniyə	sɑːnijæ
sanki	sɑnki
şanlı	ʃɑnːɯ
şanlı	ʃɑnɫɯ
şapalaq	ʃɑpɑɫɑχ
saplamaq	sɑpɫɑmɑχ
saqqal	sɑkːɑɫ
saqqal	sɑkgɑɫ
saqqız	sɑkːɯz
sarı	sɑrɯ
sarplıq	sɑrpɫɯχ
sar	sɑr
sarsıtmaq	sɑrsɯtmaχ
sataşmaq	sɑtɑʃmɑχ
satıcı	sɑtɯdzɯ
satıcı	sɑtɯdʒɯ
satış	sɑtɯʃ
satmaq	sɑtmɑχ
satqın	sɑtgɯn
savab	sɑvɑb
savaş	sɑvɑʃ
savayı	sɑvɑːjɯ
saxlamaq	sɑχlɑmɑχ
saxsı	sɑχsɯ
şaxta	ʃɑχtɑ
sayaq	sɑjɑχ
sayğı	sɑjɣɯ
sayıq	sɑjɯχ
saymaq	sɑjmɑχ
sayt	sɑjt
saziş	ʃɑːziʃ
saz	sɑz
seçici	setsidzi
seçici	setʃidʒi
seçim	setsim
seçim	setʃim
seçki	setski
seçki	setʃki
seçmək	seʃmɑχ
seçmək	setsmæj
seçmək	setsmæk
seçmək	setʃmæj
seçmək	setʃmæk
şeir	ʃejir
şer	ʃeir
şer	ʃer
sevda	sevdɑ
sevda	sœjdɑ
sevda	sœydɑ
sevgi	sevɟi
sevgisiz	sevdʒisiz
sevgisiz	sevgisiz
sevindirici	sevindiridzi
sevindirici	sevindiridʒi
sevindirmək	sevindirmæj
sevindirmək	sevindirmæk
sevinmək	sevinmæj
sevinmək	sevinmæk
sevinmək	sœjynmɑχ
sevmək	sevmæj
sevmək	sevmæk
sevmək	sœjmɑχ
seyrək	sejræc
şeytan	ʃejtɑn
sezmək	sezmæj
sezmək	sezmæk
səbəb	sæbæb
şəbəkə	ʃæbæcæ
şəbəkə	ʃæbætʃæ
səbha	sæbhɑ
səbirsizlik	sæbrsizlic
səbirsiz	sæbrsiz
şəcərə	ʃædzæræ
şəcərə	ʃædʒæræ
sədd	sæd
səfalət	sæfɑːlæt
səfər	sæfær
səfil	sæfil
səfir	sæfir
səhər	sæhær
şəhər	ʃæhæɾ
şəhid	ʃæhid
Şəhla	ʃæhlɑ
şəhla	ʃæhlɑ
səhnə	sæhnæ
səhv	sæf
şəkər	ʃæcæɾ
şəkil	ʃæcil
səkkizinci	sæccizindʒi
səksəninci	sæçsænindʒi
şəlalə	ʃæɫɑːlæ
sələf	sælæf
səma	sæmɑ
səmərə	sæmæræ
səmimi	sæmimi
səminə	sæminæ
şənbə	ʃæmbæ
səndemə	sændemæ
səngək	sæŋæg
səngək	sæŋæh
səngin	sændʒin
səngin	sæŋgin
səpmək	sæpmæj
sərbaz	særbɑz
şərbət	ʃærbæt
sərçə	særtsæ
sərçə	særtʃæ
şərh	ʃærh
sərinləmək	særinːæmæj
sərinləmək	særinːæmæk
sərin	særin
səriştə	særiʃtæ
sərlövhə	særlœvhæ
sərnişin	særniʃin
sərraf	særːɑf
şərti	ʃærti
sərt	sært
şərt	ʃært
sərxoş	særχoʃ
səs	sæs
səsvermə	sæsvermæ
şəxsiyyət	ʃæχsijæt
sidr	sidr
şiə	ʃiæ
şiə	ʃijæ
siftə	siftæ
şikəst	ʃicæst
şikəst	ʃitʃæst
sikmək	sikmæç
sikmək	sikmæj
sikmək	sikmæk
silahlanmaq	silɑhlɑmːaχ
silahlı	siɫɑhɫɯ
silk	silc
şillələmək	ʃilːæ
silmək	silmæk
şimali	ʃimɑːli
şimali	ʃimɑlɯ
sima	sæmɑ
simiclik	simidzlitʃ
simiclik	simidʒlij
simiclik	simidʒlik
simic	simidz
simic	simidʒ
şimşək	ʃimʃæc
şimşək	ʃimʃæj
sincab	sindzɑb
sincab	sindʒɑb
siqaret	sigɑret
sirkə	sirkæ
şirkət	ʃircæt
şişirtmək	ʃiʃirmæj
şişirtmək	ʃiʃirmæk
şiş	ʃiʃ
siyahı	sijɑːhɯ
siyasət	sijɑsæt
sıçmaq	sɯtsmɑχ
sıçmaq	sɯtʃmɑχ
sıçramaq	sɯtsrɑmx
sıçramaq	sɯtʃrɑmx
sıçrayış	sɯtsrɑjɯʃ
sıçrayış	sɯtʃrɑjɯʃ
sıfır	sɯfɯɾ
sığınmaq	sɯɣɯnmɑχ
sığmaq	sɯɣmɑχ
sığortalamaq	sɯɣortɑɫɑmɑχ
sındırmaq	sɯndɯrmɑχ
sınmaq	sɯmːɑχ
sırğa	sɯrɣɑ
sıxmaq	sɯχmaχ
sıyırmaq	sɯjɯrmɑχ
sıyırqac	sɯjɯrgadz
sıyırqac	sɯjɯrgadʒ
sıyırqac	sɯjɯrɣadz
sıyırqac	sɯjɯrɣadʒ
soba	sobɑ
şöbə	ʃœːbæ
söhbət	sœːbæt
söhbət	sœhbæt
söhbət	sœhpæt
söhbət	sœjbæt
şöhrət	ʃœhræt
sökmək	sœçmɑχ
sökmək	sœhmɑχ
sökmək	sœkmæj
sökmək	sœkmæk
sökmək	sœtʃmɑχ
söküntü	sœkynty
söküntü	sœtʃynty
solaxay	soɫɑχɑj
soldış	soɫdɯʃ
solmaq	soɫmɑx
sol	soɫ
söndürmək	sœndyrmæj
söndürmək	sœndyrmæk
söndürmək	sœndyrmɑχ
sönmək	sœjmæj
sönmək	sœnmæk
sonra	sonram
sonra	sonrɑ
son	son
sonuncu	sonundzu
sonuncu	sonundʒu
sormaq	sormɑχ
sosializm	sɑsiɑlizm
sosializm	sosiɑlizm
soxasox	soχɑsoχ
soxmaq	soχmɑχ
soxulcan	soxuɫdzɑn
soxulcan	soxuɫdʒɑn
soyad	sojɑd
söykəmək	sœjkæmæj
söykəmək	sœjkæmæk
söykənmək	sœjkænmæj
söykənmək	sœjkænmæk
söyləmək	sœjlæmæj
söyləmək	sœjlæmæk
soymaq	sojmɑχ
söymək	sœjmæj
söymək	sœjmæk
söymək	sœjmɑχ
soyuducu	sojududzu
soyuducu	sojududʒu
soyunmaq	sojumːɑχ
soyuq	sojuχ
söyüş	sœjyʃ
soyutmaq	sojutmɑχ
soyutma	sojutmɑ
söz	sœz
ssenari	sːenɑri
ssrİ	eseseri
stəkan	iscæn
stəkan	iscɑn
stəkan	istæcɑn
stəkan	stæcɑn
stul	stuɫ
şüar	ʃuɑr
şüar	ʃyɑr
subay	subɑj
şübhə	ʃybhæ
şübhə	ʃypæ
sübut	sybut
süfrə	syfræ
suiti	suiti
sulamaq	suɫɑmɑx
sülh	sylh
şuluq	ʃuɫuχ
sumka	sumkɑ
sümük	symyj
sümük	symyk
sünnət	synnæt
sünni	synːi
sürətləndirmək	syrætlændirmæk
sürətlənmək	syrætlæmːæk
sürətlənmək	syrætlænmæk
sürətlənmə	syrætlæmːæ
sürətlənmə	syrætlænmæ
surət	suːræt
sürgün	syrɟyn
sürmək	syrmæj
sürmək	syrmæk
sürmək	syrmɑχ
sürtgü	syrtdʒy
sürtgü	syrtɟy
sürtkü	syrtcy
sürtkü	syrttʃy
sürücü	syrydzy
sürücü	syrydʒy
sürüşkən	syryʃcæn
sürüşkən	syryʃɟæn
sürü	syry
susamaq	susɑmɑχ
susdurmaq	susdurmaχ
susdurmaq	susturmaχ
şüşə	ʃyʃæ
susmaq	susmaχ
su	su
şüur	ʃyuːr
süysün	syjsyn
şüyüd	ʃyjyd
süzmək	syzmæj
süzmək	syzmæk
tabaşir	tɑbɑːʃir
tabe	tɑːbe
tacir	tɑːdzir
tacir	tɑːdʒir
tac	tɑdz
tac	tɑdʒ
taktika	tɑktikɑ
taktiki	tɑktiki
talamaq	tɑɫɑmɑx
tala	tɑɫɑ
tale	tɑːleh
tamamilə	tæmɑmiːlæ
tamamilə	tɑmɑːmiːlæ
tamaşaçı	tɑmɑʃɑtsɯ
tamaşaçı	tɑmɑʃɑtʃɯ
tamaşa	tɑmɑʃɑ
tanışmaq	tɑnɯʃmɑχ
tanış	tɑnɯʃ
tanrı	tɑnrɯ
tapdalamaq	tɑptɑɫɑmɑχ
tapıntı	tɑpɯntɯ
tapmaq	tɑpmɑχ
tapşırmaq	tɑpʃɯrmɑχ
taqət	tɑːgæt
tarakan	tɑrɑkɑn
tarixi	tɑːriχi
tarla	tɑrɫɑ
tar	tɑr
taun	tɑun
taxmaq	tɑχmɑχ
tayfa	tɑjfɑ
tayqol	tɑjgoɫ
tayqulaq	tɑjguɫɑx
telefon	telefon
televiziya	televizijɑ
tel	tel
terapevt	terɑpeft
texnoloji	texnoɫoʒɯ
tezliklə	tezliklæ
tezlik	tezdiç
tezlik	tezdij
tezlik	tezdik
tezlik	tezliç
tezlik	tezlij
tezlik	tezlik
təbaşir	tæbɑːʃir
təbəə	tæbææ
təbrik	tæbrik
təbrik	tæbritʃ
təcavüzkar	tædzɑːvyztʃɑr
təcavüzkar	tædʒɑːvyzcɑr
təcrübə	tædzrybæ
təcrübə	tædʒrybæ
tədarük	tædɑːryc
tədarük	tædɑːrytʃ
tədbirli	tædbirːi
tədbirli	tædbirli
tədbir	tædbir
tədhiş	tædhiʃ
təəccüblənmək	tæædzyblænmætʃ
təəccüblənmək	tæædʒyblænmæk
təfavüt	tæfɑːvyt
təfavüt	tæfot
təfavüt	tafot
təftiş	tæftiʃ
təğyir	tæɣjir
təhqir	tæhgir
təhrir	tæhrir
təhsil	tæhsil
təkbuynuz	tæcbujnuz
təkər	tæcær
təkər	tæjæɾ
təkər	tætʃær
təkə	tækæ
təkid	tækid
təkid	tætʃid
təki	tæci
təkmilləşdirmək	tækmilːæʃdirmæk
təknikahlılıq	tætʃnidʒahɫɯlɯχ
təknikahlılıq	tætʃnitʃahɫɯlɯχ
təkrar	tæcrɑr
təkrar	ticrɑr
təkrar	titʃrɑr
tək	tæç
tək	tæh
tək	tæk
təkyə	tæcjæ
təlabat	tæɫɑbɑt
təlatüm	tæɫɑːtym
tələbat	tælæbɑt
tələbə	tælæbæ
tələk	tælæc
tələk	tælætʃ
tələt	tælæt
təliqə	tæligæ
təmin	tæːmin
təmir	tæːmir
təmizkarlıq	tæmizcɑrːɯχ
təmizkarlıq	tæmizcɑrɫɯχ
təmizkar	tæmizcɑr
təmizləmək	tæmizdæmæc
təmizləmək	tæmizdæmæj
təmizləmək	tæmizlæmæc
təmizləmək	tæmizlæmæj
təmrin	tæmrin
tənək	tænæc
tənək	tæŋæc
təntik	tæntic
təqaüd	tægɑːyd
təqdir	tægdir
təqdis	tægdis
təqvim	tægvim
tərcüməçi	tæɾdzymætsi
tərcüməçi	tæɾdʒymætʃi
tərəfindən	tæræfinːæn
tərəfindən	tæræfindæn
tərəf	tæræf
tərəvəz	tærævæz
tərəzi	tæræzi
tərgitmək	tærɟitmæj
tərgitmək	tærɟitmæk
tərləmək	tærːæmæc
tərləmək	tærːæmæj
tərləmək	tærːæmɑχ
tərpənmək	tærpæmːmæj
tər	tær
təsirli	tæsirːi
təsirli	tæsirli
təsirsiz	tæsirsiz
təşviqat	tæʃvigɑt
təşviqat	tæʃviɣɑt
tətik	tætic
təvəllüdlü	tævælːydly
təvəllüd	tævælːyd
təxir	tæχir
təxsis	tæχsis
təzad	tæzɑd
təzahür	tæzɑːhyr
təzəcə	tæzædzæ
təzəcə	tæzædʒæ
təzə	tæzæ
təzminat	tæzminɑt
tibb	tib
ticarət	tidzɑɾæt
ticarət	tidʒɑɾæt
tikə	tikæ
tikə	titʃæ
tikili	ticili
tikili	titʃili
tikinti	ticinti
tikinti	titʃinti
tikmək	tikmæj
tikmək	tikmej
tikmək	titʃmæç
tikmək	titʃmɑχ
tilişkə	tiliʃcæ
tire	tire
tıncıxmaq	tɯndzɯχmɑχ
tıncıxmaq	tɯndʒɯχmɑχ
tısbağa	tɯsbɑɣɑ
tıxac	tɯχɑdz
tıxac	tɯχɑdʒ
tökmək	tœcmæc
tökmək	tœcmæj
tökmək	tœkmɑχ
tok	tok
topal	topɑɫ
topa	topɑ
toplu	topɫu
toran	torɑn
torba	torbɑ
törəmək	tœræmæc
tormoz	tormoz
torpaq	toprɑχ
torpaq	torpɑχ
tövbə	tœːbæ
tövbə	tœvbæ
tövsiyə	tœvsijæ
toxum	toχum
toxunmaq	toχumːɑχ
toyuq	tojuχ
tozağacı	tozaɣadzɯ
tozağacı	tozaɣadʒɯ
tozağacı	tozaɣaʒɯ
tozsoran	tosːorɑn
toz	toz
trolleybus	trɑlːejbus
tuba	tubɑ
tükənmək	tykæmːæk
tükənmək	tykænmæk
tükənmə	tykæmːæ
tükənmə	tykænmæ
tükənmə	tytʃænmæ
tülkü	tylcy
tuman	tumɑn
tumov	tumov
tumurcuq	tumurdzuχ
tumurcuq	tumurdʒuχ
tünd	tynd
türbə	tyrbæ
türkiyə	tyrkijæ
turşəng	turʃæŋg
tüstü	tysːi
tüstü	tysty
tutmaq	dutmɑχ
tutmaq	tutmɑχ
tutulmaq	tutuɫmɑχ
ucadan	udzɑdɑn
ucadan	udʒɑdɑn
uca	udzɑ
uca	udʒɑ
üçbucaq	ytsbudzɑχ
üçbucaq	ytʃbudʒɑχ
uçmaq	utsmɑx
uçmaq	utʃmɑx
ucqar	udzgɑr
ucqar	udʒgɑr
üçüncü	ytʃyndʒy
üçün	ytsyn
üçün	ytʃyn
uçurmaq	utsurmɑx
uçurmaq	utʃurmɑx
uçuş	utsɯʃ
uçuş	utʃɯʃ
ucuz	udzuz
ucuz	udʒuz
udlaq	udɫɑχ
udmaq	udmɑχ
uduş	udɯʃ
uduzmaq	uduzmɑχ
uduzmaq	utuzmɑχ
uğramaq	uɣrɑmɑχ
uğurlu	uɣurːu
uğurlu	uɣurɫu
uğur	uɣur
ulamaq	uɫɑmɑx
ulama	uɫɑmɑ
ülgüc	ylɟydʒ
ülgü	ylɟy
ulu	uɫu
ümid	ymid
ümumi	ymuːmi
unitaz	unitɑz
ünlü	ynːy
ünlü	ynly
ünsür	ynsyr
unudulmaz	unuduɫmɑz
unutmaq	unutmɑχ
unutqan	unutkɑn
ünvan	ynvɑn
ürək	yræç
ürək	yɾæc
ürək	yɾæj
ürəmək	yræmæc
ürəmək	yræmæɟ
ürəmək	yrymæχ
uşaqbazlıq	uʃɑχbɑzɫɯχ
uşaqbaz	uʃɑɣbɑz
uşaq	uʃɑχ
üstqurum	ystgurum
üstündə	ystyndæ
üstünə	ystynæ
üst	yst
üşütmək	yʃytmæc
üşütmə	yʃytmæ
utanc	utɑndz
utanc	utɑndʒ
utanmaq	utɑmːɑχ
ütü	yty
uyğun	ujɣun
uymaq	ujmɑχ
uzanmaq	uzɑmːɑχ
uzanmaq	uzɑnmɑχ
uzaqbaşı	uzɑɣbɑʃɯ
uzaqlıq	uzɑɣɫɯx
uzaq	uzɑχ
üzbəüz	yzbæyz
üzərində	yzærindæ
üzgün	yzdʒyn
üzgün	yzɟyn
üzmək	yzmæj
üzmək	yzmæk
üzmək	yzmɑχ
üzrə	yzræ
üzügülər	yzyɟylær
üzük	yzyj
üzük	yzyk
uzundraz	uzundrɑz
uzun	uzun
üzv	yzv
vacib	vɑːdzib
vacib	vɑːdʒib
vacib	vɑdzɯb
vacib	vɑdʒɯb
vağzal	vɑɣzɑɫ
vaksin	vɑksin
valideynlik	vɑːlidejnlik
valideyn	vɑlidejn
vanil	vɑnil
varlıq	vɑrɫɯχ
varmaq	vɑrmɑχ
vasitə	vɑːsitæ
vatsap	vɑtsɑp
vec	vedz
vec	vedʒ
vergiçi	verɟitsi
vergiçi	verɟitʃi
vergi	værɟi
vergi	verɟi
vergül	vergyl
verilənlər	verilænlær
veriliş	veriliʃ
verilmək	værilmɑχ
verilmək	værylmej
verilmək	verilmæj
verilmək	verilmæk
vermək	værmæj
vermək	vermæc
vermək	vermæç
vermək	vermɑχ
vəba	væbɑ
vədə	vædæ
vəkil	vækil
vərəq	væræg
vərəq	væræk
vəsmə	væsmæ
vətənpərəst	vætænpæræst
vətənpərvər	vætænpærvær
vəzifə	væziːfæ
vəzi	væzi
vəziyyət	væzijæt
vəznə	væznæ
vəznə	veznæ
vəzn	væzn
vicdansız	vidzdɑnsɯz
vicdansız	vidʒdɑnsɯz
vicdansız	viʒdɑnsɯz
vicdan	vidzdɑn
vicdan	vidʒdɑn
vicdan	viʒdɑn
vilayət	vilɑːjæt
voleybolçuluq	volejboɫtʃuɫuχ
voleybolçu	volejboɫtsu
voleybolçu	volejboɫtʃu
voleybol	volejboɫ
vücud	vydzud
vücud	vydʒud
vurğulamaq	vurɣuɫɑmɑχ
vurğun	vurɣun
vzvod	vɯzvod
xadim	χɑːdim
xalaoğlu	χɑɫɑoɣɫu
xalaqızı	χɑɫɑgɯzɯ
xalat	χɑɫɑt
xala	χɑɫɑ
xalça	χɑɫtsɑ
xalça	χɑɫtʃɑ
xali	xɑːli
xalq	χɑlχ
xalq	χɑɫg
xalq	χɑɫk
xam	xɑm
xarici	χɑːridzi
xarici	χɑːridʒi
xatirə	χɑːtɯræ
xatir	xɑːtir
xatırlamaq	χɑtɯrɫɑmɑχ
xatırlatmaq	χɑtɯrɫɑtmɑχ
xeyir	χejir
xeyriyyə	xejrijæ
xəbər	χæbær
xələf	xælæf
xəlifə	xæliːfæ
xəlvət	xælvæt
xəmir	χæmir
xərçəng	xærtʃæŋg
xərcləmək	χærdzlæmæk
xərcləmək	χærdʒlæmæk
xərc	χærdz
xərc	χærdʒ
xəstəlik	χæstælij
xəstəlik	χæstælik
xəstə	xæstæ
xəstəxana	χæstæχɑnɑ
xətçəkən	χættsætʃæn
xətçəkən	χættʃækæn
xətkeş	χætkeʃ
xəzinə	xæziːnæ
xəz	xæz
xilafət	xilɑːfæt
xiyaban	χijɑbɑn
xiyaban	χijɑvɑn
xiyaban	χɯjɑbɑn
xiyar	χɯjɑr
xırdalamaq	xɯrdɑɫɑmɑx
xırda	xɯrdɑ
xırnik	χɯrniç
xırnik	χɯrnij
xırnik	χɯrnik
xodlamaq	χotːɑmɑχ
xodlanmaq	χotːɑmɑχ
xonça	xontsɑ
xonça	xontʃɑ
xora	xorɑ
xoşagəlməz	χoʃɑdʒælmæz
xoşagəlməz	χoʃɑɟælmæz
xoş	xoʃ
xötək	χœtæç
xötək	χœtæj
xötək	χœtæk
xötək	χœtætʃ
xudbin	χudbin
xurma	χurmɑ
yaba	jɑbɑ
yaban	jɑbɑn
yad	jɑd
yadplanetli	jɑdplɑnetli
yağı	jɑɣɯ
yağıntı	jɑɣɯntɯ
yağış	jaɣɯʃ
yağ	jɑɣ
yağmurluq	jɑɣmurːux
yağmurluq	jɑɣmurlux
yalamaq	jɑɫɑmɑχ
yalan	jɑɫɑn
yalınayaq	jɑɫɯnɑjɑɣ
yalın	jɑɫɯn
yal	jɑɫ
yalnız	jɑɫnɯz
yalvarmaq	jɑɫvɑrmɑχ
yamac	jɑmɑdʒ
yaman	jɑmɑn
yanacaq	jɑnɑdzɑχ
yanacaq	jɑnɑdʒɑχ
yanaq	jɑnɑχ
yanaşı	jɑnɑʃɯ
yandırmaq	jɑndɯrmɑχ
yanğın	jɑnɣɯn
yanğınsöndürən	jɑnɣɯnsœndyræn
yanına	jɑnɯnɑ
yanında	jɑnɯndɑ
yanıq	jɑnɯχ
yanlış	jɑɫnɯʃ
yanlış	jɑnɫɯʃ
yanmaq	jɑmːɑχ
yanmaq	jɑnmɑχ
yapalaq	jɑpɑɫaχ
yapışdırmaq	jɑpɯʃdɯrmɑχ
yaradıcı	jɑrɑdɯdzɯ
yaradıcı	jɑrɑdɯdʒɯ
yaradıcılıq	jɑrɑdɯdzɯɫɯχ
yaradıcılıq	jɑrɑdɯdʒɯɫɯχ
yaradılış	jɑrɑdɯɫɯʃ
yaradılmaq	jɑrɑdɯɫmɑχ
yara	jɑrɑ
yaralı	jɑrɑɫɯ
yaramaq	jɑrɑmɑχ
yaramaz	jɑrɑmɑz
yaranal	jɑrɑnɑɫ
yaranmaq	jɑrɑnmɑχ
yarasa	jɑrɑsɑ
yaraşıqlı	jɑrɑʃɯɣɫɯ
yaraşmaq	jɑrɑʃmɑχ
yaratmaq	jɑrɑtmɑχ
yardım	jɑrdɯm
yarğan	jɑrɣɑn
yarı	jɑrɯ
yarımada	jɑrɯmɑdɑ
yarımçıq	jɑrɯmtsɯx
yarımçıq	jɑrɯmtʃɯx
yarım	jɑrɯm
yarımkürə	jɑrɯmkyræ
yarımkürə	jɑrɯmtʃyræ
yarımsavadlı	jɑrɯmsɑvɑdɫɯ
yarın	jɑrɯn
yarısavadlı	jɑrɯsɑvɑdɫɯ
yarış	jɑrɯʃ
yarmaq	jɑrmɑχ
yarpaq	jæprɑx
yarpaq	jɑrpɑχ
yarus	jɑrus
yasaq	jɑsɑχ
yaşasın	jɑʃɑsɯn
yaşayış	jɑʃɑjɯʃ
yaşdaş	jɑʃdɑʃ
yasəmən	yɑːsæmæn
yaşıd	jɑʃɯd
yaşırmaq	jɑʃɯrmɑχ
yaş	jɑʃ
yaşlı	jɑʃɫɯ
yaşmaq	jɑʃmɑχ
yastıq	jɑstɯχ
yatab	jɑtɑb
yataq	jɑtɑχ
yatırım	jɑtɯrɯm
yatırmaq	jatɯrmɑχ
yatızdırmaq	jatɯzdɯrmɑχ
yatmaq	jɑtmɑχ
yavan	yɑvɑn
yavaş	jɑvɑʃ
yavıq	jɑvɯx
yavuq	jɑvux
yaxa	jɑχɑ
yaxalamaq	jɑχɑɫɑmɑχ
yaxın	jɑxɯn
yaxınlığında	jɑχɯnɫɯɣɯndɑ
yaxınlıq	jɑxɯnɫɯx
yaxmaq	jɑχmɑχ
yaxşı	jɑχʃɯ
yaxşı	jɑχtsɯ
yaxşı	jɑχtʃɯ
yaxud	jɑxud
yayılma	jɑjɯɫmɑ
yay	jɑj
yayla	jɑjɫɑ
yaylaq	jɑjlɑχ
yaylıq	jɑjɫɯχ
yazdırmaq	jɑzdɯrmɑχ
yazıçı	jɑzɯtsɯ
yazıçı	jɑzɯtʃɯ
yazı	jɑzɯ
yazılış	jɑzɯlɯʃ
yazılmaq	jɑzɯɫmɑχ
yazın	jɑzɯn
yazıq	jɑːzɯɣ
yazıq	jɑːzɯχ
yazışmaq	jɑzɯʃmaχ
yaz	jɑz
yazmaq	jɑzmɑχ
yeddi	jetːi
yeddinci	jetːindzi
yeddinci	jetːindʒi
yeganə	jedʒɑːnæ
yeganə	jeɟɑːnæ
yekə	jekæ
yekə	jetʃæ
yelçəkən	jeltʃækæn
yel	jel
yelləncək	jelːændzætʃ
yelləncək	jelːændʒæj
yelləncək	jelːændʒæk
yellənmək	jelːænmæj
yellənmək	jelːænmæk
yellənmək	jelːænmætʃ
yelpik	jelpiç
yelpik	jelpij
yelpik	jelpik
yemək	jemæc
yemək	jemæj
yemək	jemɑχ
yengə	jeŋɟæ
yenidən	jenidæn
yeni	jeni
yenilməz	jenilmæz
yenmək	jemːæj
yenmək	jemːæk
yenmək	jenmæj
yenmək	jenmæk
yepiskop	jepiskop
yerimək	jerimæj
yerimək	jerimæk
yerləşdirmək	jerːæʃdirmæj
yerləşdirmək	jerlæʃdirmæj
yerləşmək	jerːæʃmæj
yerləşmək	jerlæʃmæj
yersiz	jersiz
yesir	jesir
yetim	jetim
yetişdirmək	jetiʃdirmæc
yetişdirmək	jetiʃdirmæj
yetişmək	jetiʃmæc
yetişmək	jetiʃmæj
yetişmiş	jetiʃmiʃ
yetmək	jetmæc
yetmək	jetmæj
yetmişinci	jetmiʃindʒi
yetmiş	jetmiʃ
yeyilmək	jejilmæc
yeyilmək	jejilmæj
yey	jeg
yey	jej
yeznə	jeznæ
yəqin	jæːgin
yəqin	jægin
yiyə	jijæ
yiyələnmək	jijælæmːæc
yiyələnmək	jijælænmæc
yiyəsiz	jijæsiz
yığılmaq	jɯɣɯɫmɑx
yığışdırmaq	jɯɣɯʃdɯrmɑχ
yığışmaq	jɯɣɯʃmɑχ
yığmaq	jɯɣmɑχ
yırğalamaq	jɯrɣɑɫɑmɑχ
yırtıcı	jɯrtɯdzɯ
yırtıcı	jɯrtɯdʒɯ
yırtmaq	jɯrtmɑχ
yıxmaq	jɯχmɑχ
yoğurmaq	joɣurmɑχ
yoğurt	joɣurt
yolçuluq	joɫtʃuɫuχ
yoluxmaq	joɫuχmɑχ
yoluxucu	joɫuχudzu
yoluxucu	joɫuχudʒu
yonca	jondzɑ
yonca	jondʒɑ
yön	jœn
yönlü	jœnːy
yönlü	jœnly
yonmaq	jomːɑχ
yonmaq	jonmɑχ
yorğanağı	jorɣɑnɑɣɯ
yorğan	jorɣɑn
yorğun	jorɣun
yorulmaq	jorulmɑχ
yorulmaz	joruɫmɑz
yosun	josun
yox	joχ
yoxlamaq	joχɫɑmɑχ
yoxsa	joχsɑ
yoxsul	joxsuɫ
yozmaq	jozmɑχ
yubatmaq	jubɑtmɑx
yükçü	jyktsy
yükçü	jyktʃy
yüksək	jyksæk
yumaq	jumɑχ
yumruq	jumruχ
yumruq	jumuruχ
yumşaq	jumʃaχ
yumşaq	jumuʃaχ
yumurta	jumurtɑ
yüngül	jynɟyl
yürümək	jyrymæc
yürümək	jyrymæj
yuva	juvɑ
yuvarlamaq	juvɑrːamɑx
yuvarlamaq	juvɑrɫɑmɑχ
yuvarlanmaq	juvɑrːamːɑx
yuvarlanmaq	juvɑrɫɑnmɑχ
yuvarlaq	juvɑrːɑx
yuvarlaq	juvɑrɫɑχ
yuva	uvɑ
yüyürmək	jyjyrmæc
yüyürmək	jyjyrmæj
yüzüncü	jyzyndʒy
zabit	zɑːbit
zadəgan	zɑːdæɟɑn
zad	zɑd
zahiri	zɑːhiri
zahı	zɑhɯ
zamanı	zɑmɑnɯ
zaman	zɑmɑn
zaqafqaziya	zɑgɑfgɑzjɑ
zavod	zɑvod
zəfəran	zæfærɑn
zəfər	zæfæɾ
zəhərli	zæhærːi
zəhərli	zæhærli
zəhmət	zæhmæt
zəhrimar	zæhirmɑr
zəhrimar	zæhrimɑr
zəiflik	zæifliç
zəiflik	zæiflij
zəif	zæif
zəlzələ	zælzælæ
zəmanə	zæmɑːnæ
zəncəfil	zændzæfil
zəncəfil	zændʒæfil
zəncirvari	zændzirvɑːri
zəncirvari	zændʒirvɑːri
zəncir	zændzir
zəncir	zændʒir
zəngin	zændʒin
zəngin	zæŋgin
zən	zæn
zərər	zærær
zərgər	zærɟær
zərurət	zæruːræt
zidd	zid
zirinc	zirindz
zirinc	zirindʒ
ziyadə	zijɑːdæ
ziyafət	zijɑfæt
ziyil	zijil
zökəm	zœcæm
zorakılıq	zorɑkɯlɯχ
zorlamaq	zorːɑmɑχ
zorlamaq	zorɫɑmɑχ
zorlama	zorːɑmɑ
zorlama	zorɫɑmɑ
zorla	zorːɑ
zorla	zorɫɑ
