'ya	j̰áː
'yar	j̰ɛ́r
a'ishatu	ʔáːʔɪ̀ʃə́tɪ̀
abacada	ʔàːbàːtʃàːdâː
abada	ʔàbə̀dâː
abarba	ʔàbàɽbáː
abdu	ʔábdɪ̀
abdulhamid	ʔàbdɪ̀lhàmɪ̂d
abdullahi	ʔàbdɪ̀lláːhɪ̀
abdulƙadir	ʔàbdɪ̀lkʼáːdɪ̀r
abdurrahim	ʔábdɪ́ɽrə́hɪ́ŋ
abdussalamu	ʔàbdɪ̀ssə̀láːmʊ̀
abjadi	ʔábdʒə̀díː
aboki	ʔàbóːcíː
abu	ʔàbʊ̀
abu	ʔábʊ́
abubakar	ʔàbúːbə́kàr
acca	ãtʃtʃə́
acca	ʔáttʃàː
adabi	ʔádə̀bíː
adabo	ʔádàːbóː
adadi	ʔádə̀díː
adam	ʔádàŋ
adamu	ʔàːdə̀mʊ́
adawa	ʔàdáːwàː
addaba	ʔàddə́bàː
addini	ʔàddíːnìː
addu'a	ʔàddɪ́ʔàː
adire	ʔàdɪ̀ré
adu	ʔádɪ́
aduwa	ʔádʊ́wàː
afirka	ʔáɸɪ́rkə̀
afrilu	ʔàɸríːlɪ̀
agade	ʔàgə̀dè
agogo	ʔàgʷóːgʷó
agola	ʔágʷòːlə̀
agushi	ʔàgʷʊ́ʃíː
agusta	ʔàgʷʊ́stàː
agwado	ʔàgʷàːdóː
agwagwa	ʔàgʷàːgʷáː
ahmad	ʔáːmàd
aibi	ʔáibɪ̀
aibu	ʔáibʊ̀
aidin	ʔàidɪ̂ŋ
aiki	ʔàicɪ́
aiki	ʔáicìː
ailan	ʔáilàŋ
ainun	ʔáinɪ̀ŋ
ajali	ʔádʒə̀líː
ajami	ʔàdʒə̀mɪ́
ajuza	ʔàdʒúːzàː
akala	ʔákàːlə̀
akara	ʔàkə̀ɽə̀
akasidan	ʔákə́sɪ̀dâŋ
akawal	ʔákə́wàl
akawali	ʔákə́wə̀líː
akawu	ʔàkàːwʊ́
akure	ʔàkʷʊ́ɽé
akushi	ʔákʷʊ̀ʃíː
akuya	ʔàkʷíjàː
akwasa	ʔákʷə́sáː
akwati	ʔàkʷàːtɪ̀
al'ada	ʔàlʔáːdàː
al'ajabi	ʔàlʔádʒə̀bíː
al'amari	ʔàlʔámə̀ríː
al'aura	ʔàlʔáuràː
al'umma	ʔàlʔʊ́mmàː
alabe	ʔàlə́bèː
alabo	ʔàlə̀bóː
alade	ʔàlə́dèː
alama	ʔàláːmàː
alaramma	ʔálə̀rámmə̀
alatu	ʔáːláːtɪ̀
alawa	ʔàláːwàː
albaras	ʔàlbə́ràs
albarka	ʔàlbárkàː
albarushi	ʔàlbə̀rúːʃìː
albasa	ʔàlbə́sàː
albashi	ʔàlbâːʃíː
albishir	ʔàlbɪ́ʃɪ̀r
alfadari	ʔàlɸə́də́ríː
alfahari	ʔàlɸə́hàríː
alfijir	ʔàlɸɪ́dʒɪ̀r
algaita	ʔàlgéitàː
algashi	ʔálgə̀ʃíː
alhaji	ʔàlhádʒíː
alhaki	ʔàlhácíː
alhali	ʔàlháːlíː
alhamdulillahi	ʔàlhámdɪ̀lɪ̀lláːhɪ̀
alhamis	ʔàlhàmɪ̂s
alhanzir	ʔàlhànzɪ̂r
alheri	ʔàlhéːrìː
alhudahuda	ʔàlhʊ́də̀hʊ́də̀
ali	ʔàlɪ́
alif	ʔálɪ̀ɸ
aljabara	ʔàldʒə́bə́ràː
aljan	ʔàldʒáŋ
aljani	ʔàldʒə́níː
aljanna	ʔàldʒánnàː
alkadari	ʔàlkə́də̀ríː
alkali	ʔàlkáːlíː
alkama	ʔàlkə́màː
alkarya	ʔàlkárjàː
alkawari	ʔàlkə́wə̀ríː
alkyabba	ʔàlcɛ́bbàː
allah	ʔállàː
alli	ʔàllíː
alli	ʔâllíː
allura	ʔàllúːràː
almajiri	ʔàlmáːdʒɪ̀ríː
almakashi	ʔàlmə́kə̀ʃíː
almasihu	ʔàlmə̀síːhʊ̀
altine	ʔàltɪ̀né
alwala	ʔàlwə̀láː
alƙahira	ʔàlkʼáːhɪ̀rə́
alƙalami	ʔàlkʼə́lə̀míː
alƙali	ʔàlkʼáːlíː
alƙur'ani	ʔàlkʷʼʊ̀rʔáːnìː
amalanke	ʔámáːlɛ́ɲcé
amale	ʔámáːlè
amana	ʔàmáːnàː
amarya	ʔámáɽjáː
amawali	ʔámáːwə̀líː
ambaliya	ʔámbàːlɪ́jàː
amfani	ʔàmɸàːníː
amin	ʔàːmɪ́ŋ
amina	ʔámíːnə̀
amini	ʔàmíːnìː
amirka	ʔámɪ̀rkə̀
amma	ʔàmmáː
amo	ʔámóː
amsa	ʔámsàː
amurka	ʔámʊ̀rkə̀
anabi	ʔánə̀bíː
anaca	ʔànə̀tʃə̀
ango	ʔáŋgʷò
anini	ʔàníːníː
ankara	ʔáŋkə̀rə̀
annabi	ʔànnə́bìː
annoba	ʔànnòːbáː
annuri	ʔànnúːrìː
anta	ʔántàː
ar	ʔár
arabiyya	ʔàrə̀bɪ́jjàː
aradu	ʔàráːdɪ̀
arba'in	ʔàrbə̀ʔɪ́ŋ
arewa	ʔáɽèːwə́
arziki	ʔárzɪ̀cíː
asabar	ʔàsə́bàr
asabari	ʔásə́bə̀ríː
asabe	ʔàsə̀bé
asali	ʔásə́líː
asara	ʔàsáːràː
asawaki	ʔàsə́wàːcíː
asham	ʔáʃáŋ
ashana	ʔàʃáːnáː
ashirin	ʔàʃɪ̀rɪ́ŋ
asibiti	ʔásɪ̀bɪ́tɪ̀
asiri	ʔàsíːríː
asiya	ʔáːsɪ́jɛ̀
aske	ʔáscèː
asuba	ʔàsɪ̀bâː
asubahi	ʔàsɪ̀báːhɪ̀
attajiri	ʔàttáːdʒɪ̀ríː
attaura	ʔàttáuráː
audu	ʔáudɪ̀
auduga	ʔáudɪ̀gáː
aure	ʔáuɽéː
awa	ʔáwàː
awaza	ʔàwə́zàː
aya	ʔáːjàː
ayaba	ʔɛ̀jɛ̀bə̀
ayari	ʔáːjɛ̀ríː
ayu	ʔɛ̀júː
azaba	ʔàzáːbàː
azahar	ʔàzə́hàr
azahariyya	ʔàzə̀hàrɪ́jjàː
azumi	ʔázɪ̀míː
azumi	ʔázɪ̀mɪ́
azurfa	ʔázɪ̀rɸáː
azzakari	ʔàzzə́kə̀ríː
aƙalla	ʔàkʼállə̀
aƙida	ʔàcʼíːdàː
ba'askare	bə̀ʔáskə́rèː
baba	bàːbáː
baba	bàːbə́
baba	báːbáː
baba	báːbə̀
babba	bàbbə́
babur	bàːbʊ́r
bado	bə́dòː
badun	bàːdɪ̀ŋ
baffa	báɸɸə̀
bafilatani	bə̀ɸɪ́láːtə̀níː
bafillace	bə̀ɸɪ́lláːtʃèː
bagadaza	bə̀gə̀dáːzə̀
bagwari	bə̀gʷáːɽíː
bahar	bə́hàr
bahasi	bə́hàsíː
bahaushe	bə̀háuʃèː
bahili	bə̀híːlìː
baho	báːhòː
baibai	bèibêi
baiti	béitìː
baitulmali	bèitɪ̀lmáːlɪ̀
baiwa	bêiwáː
baiwa	bêiwə́
bajau	bə́dʒáu
bajo	báːdʒòː
baka	bə̀káː
baka	bə́kə̀
baki	bàːcíː
bakwai	bə́kʷèi
bal	bâl
bala'i	bə̀láːʔìː
balaraba	bə̀láːrə́bə̀
balarabe	bə̀láːrə́bè
balarabe	bə̀láːrə́bèː
balas	bə́làs
bana	bə́nə́
banda	bàndáː
banga	bàŋgáː
bangaskiya	báŋgáscɪ́jáː
bango	báŋgʷóː
bappa	báppə̀
bara	bàːráː
bara	bàːɽə́
bara	bə́ràː
bara	bə́ɽàː
bararo	bə̀rə̀róː
barau	bə̀ɽáu
barbarci	báɽbáɽtʃíː
barewa	bə̀ɽéːwáː
bargo	bàrgʷóː
barka	bárkàː
barkono	bàrkʷòːnóː
barno	bàrnó
bas	bâs
basakkwace	bə̀sákʷkʷə́tʃèː
basasa	báːsáːsàː
basukur	báːsɪ́kʷʊ̀r
batir	báːtɪ̀r
batta	báttàː
bature	bə̀túːrèː
bauta	bàutáː
bawa	báːwàː
bawa	báːwə̀
baya	báːjáː
baya	báːjɛ́
bayan	báːjɛ́ŋ
baƙi	bə́cʼíː
baƙo	bàːkʷʼó
bedi	béːdìː
bel	bál
bello	bállò
bici	bɪ́tʃɪ̀
bidi'a	bɪ́dɪ́ʔàː
bif	bɪ̂p
bika	bɪ̀káː
bil	bɪ̂l
bincike	bɪ̀ntʃɪ̀céː
bindi	bɪ́ndìː
bindiga	bɪ́ndɪ́gàː
bini	bìːnɪ́
binta	bɪ́ntə̀
binuwai	bɪ́nʊ́wèi
birgediya	bɪ̀rɟéːdɪ́jàː
birjik	bɪ̀rdʒɪ́k
birni	bɪ́rníː
birtaniya	bɪ̀rtáːnɪ́jɛ̀
bisa	bɪ́sáː
bishar̃a	bɪ̀ʃáːràː
bishiya	bɪ́ʃɪ́jàː
bisimilla	bɪ̀sɪ́mɪ́llàː
bisimillahi	bɪ̀sɪ́mɪ̀lláːhìː
biya	bɪ́jáː
biya	bɪ́jɛ̀
biyar	bɪ̀jɛ́r
biyayya	bɪ̀jɛ́jjàː
biyu	bɪ́jʊ́
biza	bíːzàː
boca	bóːtʃàː
boka	bóːkáː
boko	bóːkʷòː
bonono	bòːnòːnòː
bora	bóːɽàː
bori	bòːɽíː
borintinke	bòːɽɪ́ntɪ́ɲcèː
bosniya	bɔ́snɪ́jɛ̀
boyi	bòːjɪ́
boɗoɗo	bòːɗòːɗòː
budurwa	bʊ̀dɪ́ɽwáː
buguzunzum	bʊ̀gʷʊ̀zɪ̀nzɪ̀m
bukka	bʊ́kkàː
bura	búːɽáː
buroka	bʊ̀róːkàː
burɗunɗun	bʊ̀rɗɪ̀nɗɪ̀ŋ
buta	búːtàː
buƙata	bʊ̀kʼáːtàː
buƙwi	bʊ̀kʷʼíː
buɗuɗu	bʊ́ɗɪ́ɗɪ́
ca	tʃáː
ca	tʃâː
cadi	tʃáːdɪ̀
caka	tʃə̀káː
caka	tʃə́kə́
calawa	tʃáːláːwáː
cali	tʃàːlɪ́
cali	tʃáːlíː
canko	tʃàŋkʷóː
casa'in	tʃə̀sə̀ʔɪ́ŋ
cata	tʃáːtàː
caɓaɓa	tʃə́ɓə́ɓə́
ci	tʃɪ́
cibi	tʃíːbìː
cibi	tʃɪ́bíː
cibiya	tʃíːbɪ̀jáː
cif	tʃɪ́p
cif	tʃɪ̂ɸ
cigaba	tʃîːgə̀bə́
ciki	tʃɪ́cìː
ciki	tʃɪ́cɪ́
cindo	tʃɪ́ndòː
cir	tʃɪ̂r
ciroma	tʃɪ́ròːmə̀
citta	tʃɪ̀ttə́
citta	tʃɪ́ttə̀
ciwo	tʃíːwòː
coci	tʃóːtʃɪ̀
coi	tʃóɪ́
cokali	tʃóːkə̀líː
cuku	tʃɪ́kʷúː
cukwi	tʃɪ́kʷíː
cuna	tʃúːnàː
cura	tʃúːɽàː
curi	tʃúːɽìː
cwai	tʃʷéi
da'awa	də̀ʔàwáː
da'ira	dáːʔɪ̀ráː
dabba	dábbàː
dabino	də́bíːnòː
dabo	də́bòː
daddawa	dàddə́wáː
daftari	dáɸtə̀ríː
daga	dáːgáː
daga	də́gáː
dage	də́ɟéː
dahir	dáːhɪ̀r
daimon	déimɔ̀ŋ
daina	déinàː
dala	dàːlə́
dala	də́làː
dalili	də̀líːlìː
dama	dáːmáː
damagaram	də̀mə́gə̀ráŋ
dambe	dámbé
dambu	dámbúː
damisa	dàːmɪ́sàː
damuwa	dàːmʊ́wáː
danana	də́nə́nə́
danda	dàndə́
dandali	dándə̀líː
danga	dáŋgáː
dankali	dàŋkə́lìː
daraja	də́rə́dʒàː
darasi	də́rə̀síː
darduma	dàrdúːmàː
dari	də́ɽìː
darma	dármàː
darni	dàrníː
datti	dàttɪ́
dattijo	dáttíːdʒò
dau	dàu
dauda	dáudàː
daula	dáulàː
daura	dàuɽáː
dawa	dáːwàː
dawa	də́wə̀
daƙashi	də́kʼə̀ʃíː
daƙiƙa	də̀cʼíːkʼàː
daƙiƙi	də̀cʼíːcʼìː
di'o	díːʔòː
diflomasiyya	dɪ̀ɸlòːmə̀sɪ́jjàː
diga	dɪ́gàː
dimilmilo	dɪ́mɪ́lmɪ́lòː
dimokuraɗiyya	dɪ̀mòkʷʊ̀ɽə̀ɗɪ́jjàː
dina	dɪ́nàː
dinari	díːnáːrìː
dinya	dɪ́ɲjáː
disamba	dɪ̀sámbàː
diwani	díːwáːnìː
diyya	dɪ́jjàː
dogara	dòːgə́ɽàː
dogara	dòːgə́ɽə̀
dogarai	dòːgə̀ɽéi
dogari	dòːgə́ɽìː
dogo	dóːgʷó
dogo	dóːgʷóː
doki	dóːcìː
dokta	dɔ́ktàː
domin	dòːmɪ́ŋ
dorina	dòːɽɪ́náː
dososo	dòːsòːsòː
du'a'i	dɪ́ʔáːʔìː
dubu	dɪ́búː
dukiya	dúːcɪ̀jáː
dukuku	dɪ̀kʷʊ̀kʷʊ̀
duma	dɪ́màː
duma	dɪ́máː
dumɓu	dɪ́mɓúː
duna	dúːnàː
duniya	dúːnɪ́jàː
duri	dúːɽìː
duros	dɪ̀râs
dutse	dúːsʼè
dutse	dúːsʼèː
edita	ʔɛ́dɪ́tə̀
eka	ʔéːkàː
el'e	ʔɛ́lʔêː
emti	ʔɛ́mtìː
en'e	ʔɛ́ŋʔèː
fa'ida	ɸáːʔɪ́dàː
fabrairu	ɸàbréirɪ̀
fahami	ɸə́hàmíː
fahari	ɸə́hàríː
falsafa	ɸálsə́ɸàː
fam	ɸâŋ
fangali	ɸáŋgə́líː
fanke	ɸɛ̀ɲcéː
fanni	ɸánnìː
fara	ɸàːɽáː
fara'a	ɸə́rə́ʔàː
farali	ɸə́rə̀líː
faransa	ɸə̀ránsə̀
faransanci	ɸə́ránsántʃíː
farce	ɸáɽtʃèː
fari	ɸáːɽɪ̀
fari	ɸə́ɽíː
farilla	ɸə̀rɪ́llàː
farisa	ɸáːrɪ́sə̀
farko	ɸáɽkʷóː
fartanya	ɸártɛ́ɲjàː
faruku	ɸàːrɪ́kʷʊ̀
faruƙu	ɸàːrɪ́kʷʼʊ̀
fasa'ofis	ɸə́sə̀ʔóːɸɪ̀s
fasali	ɸə́sə̀líː
fasfo	ɸàsɸó
fashe	ɸə́ʃé
fasinja	ɸáːsɪ́ndʒə̀
fasiƙi	ɸáːsɪ̀cʼíː
fassara	ɸássə́ràː
fat	ɸát
fatakwal	ɸə́táːkʷàl
fatanya	ɸə́tɛ́ɲjàː
fatau	ɸə́táu
fatsa	ɸə́sʼə́
fatsi	ɸə́sʼíː
fau	ɸáu
faƙiri	ɸə̀cʼíːrìː
faɗa	ɸáːɗàː
faɗa	ɸə̀ɗáː
faɗa	ɸə́ɗàː
faɗimatu	ɸáːɗɪ̀mə́tɪ̀
feda	ɸéːdàː
fensir	ɸɛ́nsɪ̀r
fes	ɸɛ́s
fetal	ɸèːtál
fetur̃	ɸéːtɪ̀r
fi'ili	ɸɪ́ʔɪ̀líː
fida'u	ɸɪ̀dáːʔùː
fijo	ɸɪ̀dʒôː
filafili	ɸɪ́lə̀ɸɪ́líː
filas	ɸɪ̀lâs
filato	ɸɪ̀làːtó
fili	ɸíːlíː
firamare	ɸɪ́ráːmə̀rèː
fis	ɸɪ̂s
fita	ɸɪ̀táː
fitila	ɸɪ̀tɪ́làː
fitina	ɸɪ̀tɪ́nàː
fitsari	ɸɪ́sʼáːɽíː
fiƙihu	ɸɪ́cʼɪ́hʊ̀
fom	ɸâŋ
fula	ɸùːláː
funkaso	ɸʊ̀ŋkàːsóː
funtuwa	ɸʊ̀ntʊ́wə̀
fura	ɸʊ́ɽáː
fure	ɸʊ̀ɽéː
fururu	ɸʊ́ɽɪ́ɽɪ́
fusata	ɸʊ̀sáːtə̀
fusata	ɸʊ́sàːtáː
fuɗu	ɸʊ́ɗɪ́
gabar	gə́bàr
gabas	gə́bàs
gada	gə̀dáː
gada	gə́dàː
gadara	gə̀dáːràː
gado	gə́dóː
gadu	gə̀dúː
gafara	gáːɸə́ràː
gagai	gə́gèi
gagarau	gàːgə̀ɽáu
gaggafa	gággáːɸáː
gahawa	gə́háwàː
gaibi	géibɪ̀
gaira	géirə̀
gaiwa	gêiwáː
gajere	gə̀dʒéːɽé
gajere	gə̀dʒéːɽéː
galadima	gə̀làːdíːmàː
galala	gàːlàːlàː
galau	gə̀láu
galibi	gáːlɪ̀bíː
gam	gâŋ
gamsheƙa	gàmʃèːkʼáː
gana	gáːnə̀
ganau	gə̀náu
gandu	gándúː
ganima	gə̀níːmàː
ganji	gándʒìː
ganuwa	gáːnʊ́wáː
ganye	gɛ́ɲjéː
gara	gə́ràː
garafuni	gə̀ɽàːɸʊ́níː
gari	gàːɽíː
gari	gə̀ɽíː
garki	gàɽcɪ́
garkuwa	gàɽkʷʊ́wáː
garu	gàːrúː
garwashi	gáɽwáːʃíː
gasa	gàːsáː
gaskata	gàskə́tə̀
gaskata	gáskə̀táː
gaskiya	gáscɪ́jáː
gatari	gàːtə́ɽíː
gaula	gáuláː
gawa	gáːwáː
gawasa	gə́wə́sàː
gazet	gə̀zát
gefin	ɟèːɸɪ̀ŋ
gemu	ɟéːmùː
giginya	ɟɪ́ɟɪ́ɲjàː
giginyu	ɟɪ̀ɟɪ̀ɲjʊ́
gimbiya	ɟɪ́mbɪ̀jáː
giris	ɟɪ̀rɪ̂s
girka	ɟɪ́ɽkàː
girka	ɟɪ́ɽkáː
girma	ɟɪ́ɽmáː
gitta	ɟɪ́ttàː
giwa	ɟíːwáː
giya	ɟɪ́jàː
goba	gʷóːbàː
gobir	gʷòːbɪ́r
goge	gʷòːɟéː
goma	gʷóːmə̀
gomiya	gʷòːmɪ́jáː
gona	gʷóːnáː
goro	gʷóːrò
goyo	gʷóːjóː
guba	gʷʊ́bàː
guduma	gʷʊ̀dɪ́màː
gula	gʷʊ́làː
gulbi	gʷʊ́lbíː
gum	gʷʊ̀m
guma	gʷʊ́màː
gumal	gʷʊ́màl
guna	gʷʊ́nàː
gunda	gʷʊ́ndàː
gunki	gʷʊ́ɲcìː
gunus	gʷʊ̀nɪ̀s
gunya	gʷʊ́ɲjáː
gurasa	gʷʊ̀ráːsàː
gurnet	gʷʊ̀rnát
guru	gʷúːrúː
gusa	gʷʊ́sàː
gusau	gʷʊ̀sáu
gusum	gʷʊ́sɪ̀ŋ
guɗa	gʷúːɗàː
gwaggo	gʷágʷgʷò
gwaiba	gʷéibàː
gwal	gʷâl
gwalkwas	gʷálkʷàs
gwamna	gʷámnàː
gwamnati	gʷámnə́tɪ̀
gwanda	gʷándàː
gwandu	gʷándɪ́
gwangwani	gʷáŋgʷə́níː
gwanjo	gʷàndʒóː
gwanki	gʷɛ́ɲcíː
gwaza	gʷáːzáː
gwiwa	gʷíːwàː
habasha	hábə́ʃə̀
hadda	háddàː
haddi	háddìː
hadisi	hàdíːsìː
hadizatu	hàdíːzə́tɪ̀
hafizu	háːɸɪ́zɪ̀
hafsatu	hàɸsə́tɪ̀
haihu	háihʊ̀
haihuwa	háihʊ̀wáː
haila	háilàː
hairan	háiràŋ
haja	háːdʒàː
haji	hádʒɪ̀
hajji	háddʒɪ̀
hajji	ʔàlhádʒɪ́
hakimi	háːcɪ̀míː
hakiya	hácɪ́jàː
hakkan	hákkàŋ
hakki	háccìː
halaka	hàlə́kə̀
halaka	hálə̀káː
halal	hàlâl
halama	hàláːmàː
hali	háːlíː
halilu	hàlíːlɪ̀
halima	hàlíːmə̀
halwa	hálwàː
hama	hámàː
hamada	hàmáːdàː
hamayya	hàmɛ́jjàː
hamdala	hámdə́làː
hamidu	hámíːdɪ̀
hamila	hàmíːlàː
hamsin	hàmsɪ́ŋ
hanci	hántʃìː
hanci	hántʃɪ́
hangum	hàŋgʷʊ́ŋ
hanhai	hàŋhái
hani	hánìː
hani'an	háːnɪ́ʔàŋ
hankali	háŋkə̀lɪ̀
hannu	hánnúː
hanta	hántàː
hanya	hɛ́ɲjàː
har	hár
harafi	hárə̀ɸíː
haraji	hàráːdʒìː
haram	hàrâŋ
harsashi	hàrsáːʃìː
harshe	háɽʃè
haruna	hárúːnə̀
hasa	hásàː
hasafi	hásə̀ɸíː
hasan	hásàŋ
hasana	hásə̀náː
hasara	hàsáːràː
hassada	hássə́dàː
hatimi	háːtɪ̀míː
hatta	hàttáː
hau	hâu
hausa	háusə́
hauwa	hàuwə́
hawa'i	hàwáːʔíː
hawainiya	hàwéinɪ̀jáː
hazbiya	házbɪ́jáː
haziƙi	háːzɪ̀cʼíː
hazo	házóː
haƙori	hákʷʼóːɽíː
haƙurau	hàkʷʼʊ̀ɽáu
haɓa	háɓàː
haɓe	háːɓè
haɓɓoje	háɓɓóːdʒè
haɗama	hàɗə́màː
haɗari	háɗə̀ríː
haɗeja	háɗéːdʒə̀
haɗi	háɗìː
hidima	hɪ́dɪ́máː
hijabi	hɪ̀dʒáːbìː
hijira	hɪ́dʒɪ́ráː
hikaya	hɪ̀káːjàː
hikima	hɪ́cɪ́màː
hisabi	hɪ̀sáːbìː
hoda	hóːdàː
hole	hóːlèː
holo	hóːlòː
homan	hóːmàŋ
hoto	hòːtóː
hubbare	hʊ́bbáːrè
huhu	hùːhúː
huhu	húːhùː
hukuma	hʊ̀kʷúːmàː
hukunci	hʊ́kʷʊ́ntʃɪ́
hula	hùːláː
humushi	hʊ́mùːʃíː
humusi	hʊ́mùːsíː
huntu	hʊ́ntúː
hura	húːɽàː
hurriyya	hʊ̀rrɪ́jjàː
husaina	hʊ́sèináː
husaini	hʊ̀séinɪ̀
husufi	hʊ̀súːɸìː
hutsu	húːsʼúː
hutu	húːtúː
huɗu	hʊ́ɗɪ́
huɗuba	hʊ́ɗɪ́bàː
ibada	ʔɪ̀báːdàː
ibilis	ʔɪ̀bɪ̀lɪ̂s
iblis	ʔɪ̀blɪ̂s
ibrahim	ʔɪ̀bráːhɪ̀ŋ
ice	ʔɪ́tʃèː
idan	ʔɪ̀dáŋ
idda	ʔɪ́ddàː
idi	ʔíːdìː
ido	ʔɪ́dòː
igiya	ʔɪ́ɟɪ́jàː
igwa	ʔɪ̀gʷáː
ijara	ʔɪ̀dʒáːràː
ikko	ʔɪ̀kʷkʷó
iko	ʔíːkʷòː
ilimi	ʔɪ́lɪ̀míː
illa	ʔɪ́llàː
illa	ʔɪ́lláː
ilmi	ʔɪ́lmìː
ilmi	ʔɪ̂lmíː
imani	ʔíːmáːnìː
inabi	ʔɪ́nə̀bíː
indiya	ʔɪ́ndɪ́jɛ̀
inganta	ʔɪ̀ŋgántə̀
inganta	ʔɪ́ŋgàntáː
ingarma	ʔɪ̀ŋgármàː
ingila	ʔíːɲɟɪ̀lə̀
ingilishi	ʔɪ́ɲɟɪ̀líːʃìː
inna	ʔɪ́nnə̀
iraƙ	ʔɪ̀râkʼ
iraƙi	ʔɪ̀râːcʼɪ̀
isa	ʔíːsáː
isha	ʔìːʃáː
ishara	ʔɪ̀ʃáːràː
ishe	ʔɪ́ʃèː
isiyaku	ʔɪ́sɪ́jáːkʷʊ̀
iska	ʔɪ́skàː
isma'ilu	ʔɪ̀smáːʔíːlɪ̀
isra'ila	ʔɪ̀sráːʔíːlə̀
istihara	ʔɪ́stɪ̀háːràː
isƙandariya	ʔɪ̀skʼándə̀rɪ́jɛ̀
ita	ʔɪ́tə́
italiya	ʔɪ̀táːlɪ́jɛ̀
iyali	ʔɪ̀jáːlìː
izifi	ʔɪ́zɪ̀ɸíː
izini	ʔɪ́zɪ̀níː
izni	ʔɪ́znìː
iƙir̃ar̃i	ʔɪ̀cʼɪ̀ráːrìː
ja	dʒáː
jace	dʒàːtʃéː
jadawali	dʒə́də́wə̀líː
jafa'i	dʒə̀ɸáːʔìː
jahadi	dʒə̀háːdìː
jahili	dʒáːhɪ̀líː
jahun	dʒáːhʊ̀ŋ
jaka	dʒə̀káː
jaki	dʒàːcíː
jam'i	dʒámʔìː
jam'iyya	dʒàmʔɪ́jjàː
jama'a	dʒə̀mə́ʔà
jamhuriya	dʒàmhúːrɪ́jàː
jami'a	dʒáːmɪ̀ʔáː
jami'a	dʒáːmɪ́ʔàː
jami'i	dʒáːmɪ̀ʔíː
jamus	dʒáːmʊ̀s
jamusanci	dʒáːmʊ́sántʃíː
jana'iza	dʒə̀náːʔɪ́zàː
janaba	dʒə̀nə́bàː
janairu	dʒə̀néirɪ̀
janar	dʒə́nàr
japan	dʒə̀pâŋ
jarida	dʒə̀ríːdàː
jarrabawa	dʒárrə̀bâːwáː
jatau	dʒàːtáu
jawabi	dʒə̀wáːbìː
jawo	dʒáːwóː
jawur	dʒàːwʊ́r
jaza'i	dʒə̀záːʔìː
jazur	dʒàːzɪ́r
jega	dʒèːgə́
jeri	dʒéːɽìː
ji	dʒɪ́
jibirilu	dʒɪ̀bɪ̀ríːlɪ̀
jibiya	dʒɪ́bɪ́jɛ̀
jidali	dʒɪ̀dáːlìː
jif	dʒɪ̂ɸ
jiha	dʒɪ́hàː
jihadi	dʒɪ̀háːdìː
jika	dʒɪ́kə̀
jiki	dʒɪ̀cíː
jim	dʒɪ́ŋ
jima'i	dʒɪ̀máːʔìː
jimilla	dʒɪ̀mɪ́llàː
jimina	dʒɪ̀mɪ́náː
jimla	dʒɪ́mlàː
jimɓirɓir	dʒɪ̀mɓɪ̀rɓɪ̀r
jini	dʒɪ́níː
jinjimi	dʒɪ́ndʒɪ́míː
jinsi	dʒɪ́nsìː
jirgi	dʒɪ́ɽɟíː
jos	dʒàs
jugum	dʒɪ̀gʷʊ́m
jumma'a	dʒɪ́mmə́ʔàː
jummai	dʒɪ́mméi
juwa	dʒʊ̀wáː
juzu'i	dʒɪ́zɪ̀ʔíː
ka	káː
kabari	kə́bə̀ríː
kabewa	kə̀béːwàː
kabila	kə̀bíːlàː
kaca	kə́tʃàː
kaciya	kàːtʃɪ́jàː
kada	kə́dáː
kadari	kə́də̀ríː
kaduna	kə́dúːnə́
kaf	káp
kafa	kə́ɸàː
kafa	kə́ɸáː
kafaɗa	kàːɸə́ɗàː
kafe	kə́ɸèː
kafin	kàːɸɪ̀ŋ
kafiri	káːɸɪ̀ríː
kafur	káːɸʊ̀r
kahuhu	kə́hʊ́hʊ́
kai	kâi
kai	kéi
kaidi	kéidìː
kaigama	kéigə́mə̀
kairo	kéirɔ̀
kaita	kéitə́
kaiwa	kéiwáː
kaka	kàːkáː
kaka	kàːkə́
kakaki	kàːkàːcíː
kalami	kə̀láːmìː
kallo	kállóː
kalma	kálmàː
kaltibeta	káltɪ̀béːtàː
kam	kám
kamala	kə̀máːlàː
kamaru	kə̀mə̀rɪ́
kambi	kámbíː
kamfas	kámɸàs
kamili	káːmɪ̀líː
kamin	kàːmɪ̀n,kàːmɪ́ŋ
kanar	kə́nàr
kandu	kándúː
kango	káŋgʷóː
kankana	káŋkə́náː
kanki	kɛ́ɲcìː
kanne	kánnèː
kano	kə́nó
kanta	kántàː
kanta	kántáː
kanti	kàntíː
kanumfari	kə̀nɪ́mɸə̀ríː
karahiya	kə̀ráːhɪ́jàː
karama	kə̀ráːmàː
karanta	kə́ràntáː
kare	kə̀ɽéː
karimi	kə̀ríːmìː
karkanda	kárkàndə̀
karuwa	káːrʊ̀wə̀
kasat	káːsàt
kasko	káskʷóː
kasu	kə̀sɪ́
kasuwa	kàːsʊ́wáː
kasuwanci	káːsʊ́wántʃìː
katagum	kə́táːgʷʊ̀ŋ
kati	káːtìː
katibi	káːtɪ̀bíː
katifa	kə̀tíːɸàː
katsina	kə̀sʼɪ́nə̀
kauci	káutʃìː
kawu	kàːwʊ́
kawu	káːwʊ̀
kaza	kàːzáː
kazaf	kə́zàɸ
kazaure	kə̀záuɽé
kaɗanya	kə́ɗɛ́ɲjàː
kaɗo	káːɗò
keso	céːsòː
kibiya	cɪ́bɪ́jàː
kibiya	cɪ́bɪ́jɛ̀
kifa	cɪ́ɸàː
kife	cɪ́ɸèː
kifi	cíːɸíː
kili	cɪ̀lîː
kilishi	cɪ́lɪ̀ʃíː
kimsa	cɪ́msàː
kindirmo	cɪ̀ndɪ̀rmóː
kirsimati	cɪ́rsɪ̀mə́tɪ̀
kirtif	cɪ̀ɽtɪ́p
kishiya	cíːʃɪ̀jáː
kissa	cɪ́ssə̀
kiyama	cɪ̀jáːmàː
kofi	kʷòːɸíː
kofi	kʷóːɸìː
kofur	kʷóːɸʊ̀r
kogi	kʷòːɟíː
koka	kʷóːkàː
koko	kʷòːkʷóː
koko	kʷóːkʷó
kolo	kʷóːlóː
koma	kʷóːmáː
komi	kʷóːmíː
komo	kʷóːmóː
kore	kʷóːrèː
kori	kʷóːrìː
kos	kʷâs
kotu	kʷóːtɪ̀
kowa	kʷóːwáː
kowanne	kʷóːwànnéː
kubbi	kʷʊ́bbɪ̀
kucaki	kʷʊ̀tʃáːcíː
kudaku	kʷúːdə́kʷʊ́,kʷúːdə̀kʷúː
kudu	kʷʊ́dɪ̀
kufai	kʷʊ́ɸéi
kuge	kʷʊ̀ɟéː
kujera	kʷʊ́dʒèːɽáː
kukuma	kʷúːkʷúːmàː
kullum	kʷʊ́llɪ́ŋ
kumallo	kʷʊ̀mállóː
kumama	kʷʊ̀máːmáː
kunama	kʷʊ̀náːmàː
kuni	kʷʊ̀nîː
kunkuru	kʷʊ̀ŋkʷʊ́ɽúː
kunne	kʷʊ́nné
kunne	kʷʊ̂nnéː
kunya	kʷʊ́ɲjàː
kunya	kʷʊ́ɲjáː
kura	kʷúːɽə́
kurkuku	kʷʊ̂rkʷʊ́kʷùː
kurma	kʷʊ́ɽmáː
kurmi	kʷʊ́ɽmìː
kurwa	kʷʊ̀ɽwáː
kusa	kʷʊ́sə́
kuskus	kʷʊ́skʷʊ̀s
kuɓewa	kʷʊ́ɓèːwáː
kuɗi	kʷʊ́ɗíː
kwabo	kʷə́bòː
kwal	kʷâl
kwala	kʷə́làː
kwalekwale	kʷə̀lékʷə̀lé
kwamanda	kʷə̀mándàː
kwamfyuta	kʷàmɸʲúːtàː
kwana	kʷáːnáː
kwana	kʷáːnə́
kwana	kʷə́nàː
kwango	kʷáŋgʷò
kwano	kʷáːnòː
kwara	kʷáːɽə̀
kwaram	kʷə́ɽàm
kwatsam	kʷə́sʼàm
kwaɗo	kʷàːɗóː
kwaɗo	kʷə́ɗò
kwiyat	kʷɪ̀jɛ̂t
kyaftin	cɛ́ɸtɪ̀ŋ
kyanada	cɛ́nə́də̀
kyanwa	cɛ̂mwáː
kyat	cɛ̂t
kyau	cɛ̂u
kyauro	cɛ́uɽóː
la'ada	lə̀ʔádàː
la'alla	lə̀ʔállàː
la'asar	lə̀ʔásàr
la'asariyya	lə̀ʔàsə́rɪ́jjàː
la'ifi	lə̀ʔíːɸìː
laba	láːbàː
labari	làːbáːrìː
labudda	làːbʊ́ddə̀
lacca	láttʃàː
lada	láːdáː
ladabi	lə́də̀bìː
ladan	làːdâŋ
ladani	làːdáːnìː
ladi	láːdɪ̀
lafazi	lə́ɸə̀zíː
lafi	láːɸìː
lafiya	láːɸɪ́jàː
lahadi	lə́hàdɪ̀
lahira	láːhɪ́ràː
laifi	lêiɸíː
laima	léimàː
laita	léitàː
laka	láːkáː
laka	lə́káː
lakwaja	lə́kʷə́dʒə̀
lale	láːlèː
lalle	lállèː
lalle	lálléː
lalo	láːlòː
lam	láŋ
lamba	lámbàː
lambu	làmbúː
lami	làːmîː
lamiri	lə̀míːrìː
landan	lándàŋ
laraba	làːrə̀báː
lardi	lárdìː
larura	lə̀rúːràː
lasin	láːsɪ̀ŋ
lasisi	láːsíːsìː
laskofur	lâskʷóːɸʊ̀r
latsa	láːsʼàː
launi	láunìː
lauya	láujàː
lawur	láːwʊ́ɽ
laya	láːjàː
lazza	lázzàː
legas	léːgàs
lemo	lèːmóː
lif	lɪ̂ɸ
likita	lɪ́cɪ́tə̀
limam	lìːmâŋ
liman	lìːmâŋ
linjila	lɪ̀ndʒíːláː
linzami	lɪ̀nzáːmìː
lisha	lìːʃáː
lissafi	lɪ̀ssáːɸìː
litinin	lìːtɪ̀nɪ̂ŋ
littafi	lɪ́ttáːɸìː
loga	lóːgàː
lokaci	lóːkə̀tʃíː
lori	lóːrìː
lu	lûː
lubayya	lɪ̀bɛ́jjɛ̀
lugga	lɪ́ggàː
lula	lúːlàː
lumana	lɪ̀máːnàː
luwaɗi	lʊ̀wáːɗìː
luƙwi	lɪ́kʷʼíː
ma'aikata	mə́ʔáikə́táː
ma'amala	mə̀ʔáːmə́làː
ma'ana	mə̀ʔànáː
mabiyi	mə́bɪ̀jíː
mace	mə̀tʃèː
maciji	mə́tʃìːdʒíː
madina	mə̀díːnə̀
madubi	mə́dúːbíː
mafaka	mə́ɸə́káː
mafari	mə́ɸə́ɽíː
magaji	mə́gàːdʒíː
magaji	mə́gàːdʒɪ́
magajiya	mə́gáːdʒɪ̀jáː
magana	mə̀gə́nàː
magani	màːzóː
magariba	mə̀gə̀rɪ́bàː
magini	mə́ɟìːníː
mago	mə́gʷó
mahalli	mə̀hâllíː
mahawara	mə̀háːwə́ràː
mahmudu	màːmúːdɪ̀
mai	mâi
maiduguri	mèidɪ́gʷʊ̀rɪ́
maigado	mèigə́dó
maigari	mèigə̀ɽɪ́
maikuɗi	mèikʷʊ́ɗɪ́
maina	méinə̀
mairiga	mèiɽìːgə̀
maiso	méisóː
maita	mêitáː
maitama	mèitə́mə́
maiwada	mèiwə̀dáː
maiɗaki	mèiɗáːcɪ̀
majalisa	mə̀dʒə̀lɪ́sàː
majami'a	mə̀dʒáːmɪ́ʔàː
majanuni	mə̀dʒə̀núːnìː
maka	mə́kə̀
makabarta	mə́kə́bártáː
makama	mə́kàːmáː
makama	mə́káːmáː
makara	mə̀kə̀ɽáː
makaranta	mə́kə́rántáː
makari	mə́kə́ɽíː
makaɗi	mə́kə̀ɗíː
makaɗi	mə́kə́ɗíː
makero	mə̀céːɽòː
makiyaya	mə́cɪ́jáːjáː
makiyayi	mə́cɪ̀jàːjíː
makka	mákkə̀
mako	máːkʷòː
makwanci	mə́kʷántʃíː
mala'ika	mə̀láːʔɪ́kàː
malam	máːlàŋ
malama	máːlə̀máː
malami	máːlə̀míː
mama	màːmə́
mamaki	màːmáːcìː
mamaye	màːmɛ̀jéː
mandiri	màndíːrìː
mangariba	màŋgə̀rɪ́bàː
manhaja	máŋhádʒàː
manja	mándʒə̀
manjo	mándʒɔ̀
mantau	màntáu
manzo	mànzóː
maraba	mə́ràːbə́
maraba	mə́ɽə́báː
maraya	máːɽɛ̀jáː
maraya	mə̀ɽáːjàː
maraya	mə́ɽáːjɛ́
maraɗi	mə́ɽáːɗɪ́
marhabin	màrhábɪ̀ŋ
marili	mə̀ríːlìː
marini	mə́ɽɪ̀níː
mariri	màːɽíːɽíː
maris	máːrɪ̀s
marke	máɽcéː
maroko	mə̀róːkʷò
maroƙi	mə́ɽòːcʼíː
maru	máːɽɪ̀
maryamu	márjɛ́mʊ̀
masallaci	mə́sálláːtʃíː
masaniya	mə́sə́nɪ̀jáː
masar	mə́sàr
masara	mə́sə̀ráː
masarauta	mə́sə́ɽáutáː
masassaƙi	mə́sàssə̀cʼíː
masassaƙi	mə́sássə́cʼíː
masauki	mə́sáucíː
masaya	mə́sáːjáː
masaya	mə́sɛ́jáː
masaƙi	mə́sàːcʼíː
mashahuri	mə̀ʃə̀húːrìː
mashaidi	mə́ʃèidíː
mashar̃ci	mə́ʃártʃíː
mashawar̃ta	mə́ʃáːwártáː
mashi	máːʃìː
mashin	mə̀ʃɪ̂ŋ
masinja	máːsɪ́ndʒə̀
masoro	mə̀sóːɽó
mata	màːtáː
mata	máːtáː
matalauci	mə́tə̀làutʃíː
matsala	mə̀sʼə́làː
matukar̃	mə́tɪ́kár
matuƙa	mə́tɪ́kʼáː
maya	màːjáː
mayani	mɛ́jáːníː
maye	màːjéː
mayu	máːjùː
maza	mə́záː
maza	mə́zə́
mazauni	mə́zàuníː
mazauni	mə́záuníː
mazo	màːzóː
maƙala	mə̀kʼáːlàː
maƙari	mə́kʼáːɽíː
maƙil	màːcʼɪ́l
maƙiyi	mə́cʼɪ̀jíː
maƙoshi	mə́kʷʼóːʃíː
maƙoƙo	màːkʷʼóːkʷʼòː
maƙwabci	mə́kʷʼàbtʃíː
maɗaba'a	mə́ɗáːbə́ʔáː
maɗaci	mə́ɗàːtʃíː
mele	méːléː
mena	méːnàː
mesa	méːsàː
mesin	méːsɪ̀ŋ
metso	mèːsʼóː
miji	mɪ́dʒìː
mim	mɪ́ŋ
minista	mɪ́nɪ́stə̀
minti	mɪ́ntìː
mirya	mɪ́ɽjɛ̀
misali	mɪ̀sáːlìː
mishi	mɪ́ʃíː
misira	mɪ́sɪ́rə̀
miski	mɪ́scìː
miskini	mɪ̀scíːnìː
miya	mɪ́jàː
mizani	míːzáːnìː
mohammed	mʊ̀hámmàd
molo	móːlóː
mota	móːtàː
mowa	móːwàː
mu	múː
mu'amala	mʊ̀ʔáːmə́làː
mu'ujiza	mʊ̀ʔʊ̀dʒɪ́zàː
mubazzari	mʊ̀bázzə̀ríː
muddin	mʊ́ddɪ̀ŋ
mugu	múːgʷùː
muhammadiyya	mʊ̀hàmmə̀dɪ́jjàː
muhammadu	mʊ̀hámmə́dɪ̀
muharram	mʊ̀hárràŋ
muhibba	mʊ̀hɪ́bbàː
muhimmi	mʊ̀hɪ́mmìː
muhtari	mʊ̀ktáːrɪ́
muhuri	mʊ́húːɽíː
mujaddadi	mʊ̀dʒáddə̀díː
mujalla	mʊ̀dʒállàː
mujiya	múːdʒɪ̀jáː
mula	mʊ̀lə́
mulki	mʊ́lcìː
mulukiya	mʊ́lúːcɪ́jàː
mumbari	mʊ́mbə̀ríː
mumini	múːmɪ̀níː
munafuki	mʊ̀náːɸʊ̀cíː
mur	mʊ̂r
muradi	mʊ̀ráːdìː
murfi	mʊ́ɽɸíː
murhu	mʊ́ɽhùː
murjani	mʊ̀rdʒáːnìː
murtuk	mʊ̀rtɪ́k
murza	mʊ̀ɽzáː
murza	mʊ́ɽzàː
murzani	mʊ̀rzáːnìː
musa	múːsáː
musamman	mʊ̀sámmàŋ
musawa	múːsáːwáː
mushe	múːʃèː
mushiriki	mʊ́ʃɪ́rɪ̀cíː
mustapha	mʊ́stə̀ɸáː
musulmi	mʊ̀sɪ̀lmíː
mutu	mʊ́tɪ̀
mutum	mʊ̀tɪ̂ŋ
mutunci	mʊ́tɪ́ntʃìː
mutuwa	mʊ́tʊ́wàː
muzi	múːzíː
muzuru	mʊ̀zúːɽúː
muƙami	mʊ̀kʼáːmìː
na'am	nə̀ʔám
na'am	nə́ʔàm
na'ibi	náːʔɪ̀bíː
na'ura	nàːʔúːràː
nafila	náːɸɪ́làː
nahawu	nə́háwùː
nahiya	náːhɪ́jàː
naijeriya	nèidʒéːrɪ́jàː
naira	néiràː
najeriya	nàːdʒéːrɪ́jàː
nakiya	nàːcɪ́jàː
nama	náːmàː
nas	nâs
nasaba	nə́sə́bàː
nasara	nə́sáːràː
nasara	nə́sə́ràː
nasaru	nə̀sàːrúː
nasiha	nə̀síːhàː
nau'i	náuʔìː
nazari	nə́zə̀ríː
neja	néːdʒə̀
nesa	néːsə̀
ni	níː
ni'ima	nɪ́ʔɪ́màː
nijeriya	nìːdʒéːrɪ́jɛ̀
nil	nɪ̂l
nim	nɪ̂ŋ
nisa	níːsáː
nishaɗi	nɪ̀ʃáːɗìː
nono	nóːnòː
noti	nóːtìː
notis	nóːtɪ̀s
nuhu	nɪ́hʊ̀
nukus	nɪ̀kʷʊ̀s
nun	nɪ́ŋ
nuna	núːnàː
nuwamba	nʊ̀wámbàː
obin	ʔóːbɪ̀ŋ
ofis	ʔóːɸɪ̀s
oga	ʔògáː
oktoba	ʔɔ̀któːbàː
omo	ʔóːmòː
oza	ʔóːzàː
pakistan	páːcɪ́stàŋ
palasɗinu	pə̀làsɗíːnɪ̀
paris	páːrɪ̀s
pasha	páːʃə̀
pijo	pɪ̀dʒó
po	pôː
ra'ayi	rə́ʔɛ̀jíː
ra'i	ráːʔìː
rafani	ráːɸàːníː
ragama	ɽə́gə̀máː
rahama	rə́hámàː
rahila	ɽə̀híːláː
rahusa	rə̀húːsáː
rai	ɽâi
rairai	ɽèiɽéi
rairayi	ɽèiɽɛ̀jíː
rajab	ɽə́dʒàb
raka'a	rə́kə́ʔàː
rake	ɽə̀céː
raki	ɽáːcìː
rama	ɽàːmə́
rama	ɽə́màː
ramalan	ɽə̀mə̀lâŋ
rami	ɽáːmìː
ramɓasɓas	ràmɓàsɓàs
rana	ɽáːnáː
rana	ɽáːnə́
randa	ɽàndáː
rano	ɽə́nó
rasha	ɽáːʃə̀
rashawa	rə́ʃə́wáː
rawani	ɽə́wə̀níː
rawaya	ɽàːwɛ́jàː
raƙumi	ɽàːkʷʼʊ́míː
raɓa	ɽáːɓáː
raɗau	rə́ɗáu
rema	ɽéːmáː
reras	rèːrás
reza	réːzàː
ri	rìː
riba	ríːbàː
riba	rɪ̀bə́
ridda	rɪ́ddáː
riga	ɽìːgáː
rige	ɽɪ́ɟé
rijiya	ɽíːdʒíːjáː
rimi	ɽíːmíː
rimi	ɽíːmɪ́
ringim	ɽɪ́ɲɟɪ̀ŋ
rinjaye	ɽɪ́ndʒáːjèː
riris	ɽɪ́ɽɪ̀s
riɗi	ɽíːɗíː
rogo	ɽóːgʷò
rogo	ɽóːgʷòː
romo	ɽóːmóː
ru'uya	rɪ̀ʔìjáː
rubu'i	rɪ́bʊ̀ʔíː
rubuta	rɪ́bùːtáː
ruhu	rúːhʊ̀
rula	rúːlàː
rumbu	ɽɪ̀mbúː
rumfa	ɽɪ̀mɸáː
runji	ɽɪ́ndʒìː
rututu	rɪ́tɪ́tɪ́
ruwa	ɽʊ́wáː
ruwa	ɽʊ́wə́
ruƙayyatu	ɽɪ́kʼɛ̀jjɛ́tɪ̀
sa	sâː
sa'a	sáːʔàː
sa'a	sə́ʔàː
sa'ida	sə̀ʔíːdàː
saba'in	sə̀bə̀ʔɪ́ŋ
sababi	sə́bə̀bíː
sabo	sáːbó
sabo	sáːbóː
saboda	sə́bòːdə̀
sada	sáːdàː
sadaka	sə́də́kàː
sadaki	sə̀dâːcíː
sadau	sàːdáu
sadin	sàːdɪ̂ŋ
safa	sàːɸáː
safa	sə̀ɸâː
safar	sə́ɸàr
safara	sə́ɸə́ràː
safe	sáːɸé
safi	sáːɸíː
sagara	sàːgə́ɽáː
sage	sə́ɟèː
sago	sə́gʷóː
sahani	sə̀háːnìː
sahibi	sáːhɪ̀bíː
sahihi	sə̀híːhìː
sahur	sə̀hʊ̂r
saiwa	sêiwáː
saja	sáːdʒàː
sakamako	sàːkə̀mə́kʷóː
sakan	sə́kàŋ
sakarai	sáːkə́réi
sake	sə̀céː
sakiya	sáːcɪ́jɛ́
sakkwato	sákʷkʷə́tó
sako	sə̀kʷóː
salama	sə̀láːmàː
salati	sə̀láːtìː
salga	sálgáː
salihi	sáːlɪ̀híː
saliyo	sàːlɪ̀jôː
salka	sàlkáː
salla	sállàː
sallau	sàlláu
salo	sə́lóː
sama	sə́mə̀
samame	sə̀màːméː
samanja	sàːmándʒə̀
samɓal	sàmɓál
samɓala	sámɓə́láː
samɓali	sámɓə́lɪ́
samɓalɓal	sàmɓàlɓàl
sana'a	sə̀nə́ʔàː
sanar̃wa	sə́nârwáː
sanata	sə́nə́tàː
sanda	sàndə́
sandal	sándàl
sanduƙi	sàndúːcʼìː
sani	sə́nìː
saniya	sáːnɪ̀jáː
sanka	sáŋkáː
sannu	sànnɪ́
sannu	sánnɪ̀
sansan	sánsàŋ
sansani	sànsə́níː
santambul	sàntàmbʊ̂l
santi	sàntɪ́
sara	sàːɽáː
sarai	sə́réi
sarara	sə̀ɽə̀ɽə̀
saratu	sáːrə́tɪ̀
sarauniya	sə́ɽáunɪ̀jáː
sardauna	sàrdáunə́
sarka	sàrkáː
sarki	sáɽcíː
sarki	sáɽcɪ́
sarƙa	sáɽkʼàː
sashi	sáːʃìː
sata	sáːtàː
sati	sáːtíː
satumba	sə̀tɪ́mbàː
sau	sàu
sau	sáu
saudiyya	sàudɪ́jjàː
sauka	sàukáː
sauka	sàukə́
sauna	sáunàː
sauti	sáutìː
saye	sàːjéː
saye	sɛ̀jéː
saɗara	sə̀ɗə́ràː
sef	sêɸ
sha	ʃə́
sha'aban	ʃə̀ʔàbâŋ
sha'ani	ʃə́ʔàníː
shaci	ʃáːtʃìː
shadda	ʃáddàː
shadda	ʃâddáː
shafa	ʃàːɸáː
shafa	ʃáːɸàː
shahada	ʃə̀háːdàː
shaho	ʃáːhòː
shai'an	ʃéiʔàŋ
shaihi	ʃéihìː
shaiɗan	ʃèiɗâŋ
sham	ʃâŋ
shanono	ʃàːnóːnò
sharaɗi	ʃə́rə̀ɗíː
sharhi	ʃárhìː
shari'a	ʃə̀rɪ́ʔàː
sharif	ʃə̀rɪ̂ɸ
sharifi	ʃə̀ríːɸìː
sharo	ʃə́rò
sharri	ʃárrìː
sharu	ʃə̀rûː
shat	ʃât
shata	ʃə́tàː
shawar̃a	ʃáːwə́ràː
shawwal	ʃàwwâl
shayi	ʃàːjíː
shayi	ʃáːjɪ̀
shehi	ʃéːhìː
shehu	ʃéːhùː
shekara	ʃèːkə́ɽàː
shekarau	ʃèːkə̀ɽáu
sheƙeƙe	ʃèːcʼèːcʼèː
shi	ʃɪ́
shida	ʃɪ́də̀
shifta	ʃɪ́ɸtàː
shiga	ʃɪ̀gáː
shin	ʃɪ́ŋ
shinge	ʃɪ́ɲɟéː
shinkafa	ʃɪ̀ŋkáːɸáː
shirim	ʃɪ̀ɽɪ̀m
shirka	ʃɪ́rkàː
shiru	ʃɪ́ɽúː
shirwa	ʃɪ́ɽwàː
shu'umi	ʃɪ́ʔʊ̀míː
shugabanci	ʃúːgə́bántʃìː
shuka	ʃúːkàː
shuri	ʃúːɽìː
shuɗi	ʃúːɗìː
sifiri	sɪ́ɸɪ̀ríː
siga	síːgàː
siket	sɪ̀cát
sila	sɪ́làː
sili	síːlìː
silin	síːlɪ̀ŋ
sin	sɪ́ŋ
sirdi	sɪ́rdìː
siriya	síːrɪ́jɛ̀
sista	sɪ́stàː
sitam	sɪ̀tâŋ
sitampi	sɪ̀támpìː
sitira	sɪ̀tɪ́ràː
sito	sɪ̀tó
sittin	sɪ̀ttɪ́ŋ
siyaki	sɪ̀jáːcíː
siyasa	sɪ̀jáːsàː
siɗik	sɪ́ɗɪ́k
soba	sòːbə́
soci	sóːtʃɪ̀
soja	sóːdʒə̀
sol	sɔ́l
somi	sóːmìː
soso	sòːsóː
soye	sòːjéː
su	sùː
sufana	sɪ̀ɸáːnàː
sujjada	sɪ̀ddʒə́dàː
sukari	sɪ́kə̀ríː
sukuku	sɪ̀kʷʊ̀kʷʊ̀
sulemanu	sɪ́lèːmáːnɪ̀
sulhu	sɪ́lhùː
sum	sɪ̀m
sumul	sɪ́mʊ́l
suna	súːnáː
sunduƙi	sɪ̀ndúːcʼìː
sunna	sɪ́nnàː
sura	sùːráː
sura	súːràː
suya	súːjàː
ta'adda	tə́ʔàddə́
tabarau	tə̀bàːɽáu
tabarma	tàːbáɽmáː
tabbatarwa	tábbə́târwáː
tabo	tə́bòː
tadawa	tə̀də́wàː
tafarki	tə́ɸáɽcìː
tafarnuwa	tə̀ɸárnʊ́wáː
tafiya	tə̀ɸɪ́jàː
tafki	táɸcìː
tafsiri	tàɸsíːrìː
taga	táːgàː
tagomashi	tə́gʷóːmə̀ʃíː
taguwa	tàːgʷʊ́wàː
taguwa	tə́gʷʊ́wàː
taimako	tèimə́kʷóː
tajiri	táːdʒɪ̀ríː
takalmi	tàːkàlmíː
takarda	tə́kàrdáː
takila	táːcɪ̀lə̀
takobi	tə́kʷòːbíː
takum	táːkʷʊ̀ŋ
takunkumi	tàːkʷʊ́ŋkʷʊ̀míː
takwas	tə́kʷàs
talaka	tə́lə̀kə̀
talata	tə̀láːtə̀
talatin	tə̀làːtɪ́ŋ
talatu	tə̀láːtɪ̀
taliki	táːlɪ̀cíː
talla	tàllə̀
tallafa	tàllə́ɸàː
tallafa	tálláːɸə̀
talle	tálléː
talotalo	tə̀lótə̀ló
tama	tə́máː
tamanin	tə̀màːnɪ́ŋ
tambari	támbə̀ɽíː
tambaya	tàmbɛ́jàː
tambutu	tàmbúːtɪ̀,támbúːtɪ̀
tana	táːnáː
tanaka	tàːnáːkàː
tandu	tándúː
tanimu	tə̀níːmʊ̀
tankarki	tàŋkáɽcìː
tano	tə̀nôː
tantabara	tàntə́bə̀ráː
tantakwashi	tàntə́kʷə̀ʃíː
tanti	tántìː
tara	tàːɽáː
tara	táːɽàː
tara	tə̀ɽáː
tara	tə́rə̀
tarabulus	tə́ráːbʊ́lɪ̀s
tarbiyya	tàrbɪ́jjàː
tarihi	táːríːhìː
tarnatsa	tárnə́sʼáː
taru	táːɽúː
tasa	táːsàː
tasalla	tə́sállə̀
tasi	tàːsîː
tasiri	táːsíːɽìː
taska	táskàː
tasku	táskʷʊ̀
taswira	tàːswíːràː
tattabara	tàttə́bə̀ráː
tattasai	tàːttàːséi
tattaunawa	táttàunâːwáː
tatul	tàːtɪ́l
taubashi	táubàːʃíː
tauhidi	tàuhíːdìː
tauna	táunàː
tauraro	tàuɽáːɽòː
taure	táuɽèː
tausa	tàusáː
tautau	táutàu
tawada	tə̀wə́dàː
taɓo	tə̀ɓóː
tef	téɸ
teku	tèːkʷʊ́
tela	téːlə̀
ti	tîː
tif	tɪ̂ɸ
tifa	tíːɸàː
tijara	tɪ̀dʒáːràː
tik	tɪ̂k
tilas	tíːlàs
tilo	tìːlóː
tim	tɪ̂m
tim	tɪ̂ŋ
tire	tɪ̀ré
tis'in	tɪ̀sʔɪ́ŋ
titi	tíːtìː
tiƙis	tɪ́cʼɪ́s
tofa	tóːɸáː
toka	tòːkáː
ton	táŋ
toshiya	tóːʃɪ́jáː
tozali	tóːzə̀líː
tozo	tóːzóː
tsabga	sʼábgàː
tsada	sʼáːdə́
tsaf	sʼáp
tsagagi	sʼə́gə́ɟíː
tsai	sʼéi
tsaka	sʼə́káː
tsaka	sʼə́kə̀
tsakani	sʼə̀káːníː
tsakiya	sʼə́cɪ́jàː
tsalala	sʼə́lə́lə́
tsamiya	sʼáːmɪ́jáː
tsanyawa	sʼɛ́ɲjáːwáː
tsari	sʼáːɽìː
tsarki	sʼáɽcíː
tsaro	sʼə̀ɽóː
tsatsa	sʼáːsʼàː
tsauni	sʼáunìː
tsawo	sʼə́wóː
tsere	sʼéːɽé
tsibiri	sʼɪ̀bɪ́ɽíː
tsigi	sʼíːɟíː
tsila	sʼíːlə́
tsintsiya	sʼɪ́nsʼɪ́ɲjáː
tsit	sʼɪ́t
tsoho	sʼóːhóː
tsoka	sʼóːkàː
tsokana	sʼóːkə̀náː
tsololo	sʼòːlòːlòː
tsundum	sʼɪ̀ndɪ̀m
tsundum	sʼɪ̀ndɪ́m
tsuntsu	sʼɪ́nsʼúː
tubali	túːbə̀líː
tubarkalla	tɪ̀bárkállàː
tuhuma	tɪ̀hʊ́màː
tukuf	tɪ́kʷʊ́p
tulu	tùːlúː
tun	tɪ́ŋ
tunau	tɪ̀náu
tuni	tɪ̀nɪ́
tuni	tɪ́nìː
tunkiya	tɪ́ɲcɪ̀jáː
tuntu	tɪ́ntúː
tuntunmi	tɪ́ntɪ́mmíː
turai	túːréi
turanci	túːrántʃíː
turare	tɪ̀ɽàːɽéː
turba	tɪ́ɽbàː
tururi	tɪ̀ɽɪ̀ɽíː
tusa	túːsàː
tuta	túːtàː
tutu	túːtɪ̀
tuwo	tʊ́wóː
uba	ʔʊ̀báː
uda	ʔúːdə̀
uku	ʔʊ́kʷʊ̀
ulu	ʔúːlɪ̀
umaru	ʔʊ̀mə́rɪ̀
umra	ʔʊ́mráː
ungozoma	ʔʊ̀ŋgʷóːzòːmə̀
ungulu	ʔʊ̀ŋgʷʊ̀lɪ́
usaina	ʔʊ́sèináː
ushira	ʔʊ́ʃɪ̀ráː
ushiri	ʔʊ́ʃɪ̀ríː
usumanu	ʔʊ̀sɪ̀máːnɪ̀
usur	ʔʊ́sɪ̀r
uwa	ʔʊ́wáː
uwa	ʔʊ́wə́
uzuri	ʔʊ́zɪ̀ríː
uƙuba	ʔʊ̀kʷʼúːbàː
wa'adi	wə́ʔàdíː
wa'azi	wə́ʔàzíː
wada	wàːdáː
wada	wə̀dáː
waga	wáːgáː
wagadugu	wə̀gə̀dɪ́gʷʊ̀
waha	wə́hàː
wahala	wə̀hálàː
wakili	wə̀cíːlìː
wal	wàl
wala	wáːlàː
wala	wáːláː
walau	wə̀làu
wali	wáːlíː
wali	wə̀lîː
waliyyi	wə̀lɪ́jjìː
wallafa	wàllə́ɸàː
wallahi	wæɫóːp
walƙiya	wàlcʼɪ́jáː
wando	wàndóː
wani	wə́nɪ́
wanka	wáŋkàː
wanka	wáŋkáː
wanwar	wàmwár
wanzam	wànzâŋ
wanzami	wànzáːmìː
wanzanci	wánzántʃìː
ware	wáːɽèː
wariya	wáːɽɪ́jáː
warwar	wàrwár
warwas	wàrwás
warƙa	wárkʼàː
wasa	wàːsáː
wasai	wə́séi
wasali	wə́sə̀líː
wasiyya	wə̀sɪ́jjàː
wasiƙa	wə̀síːkʼàː
wata	wə́tàː
wata	wə́tə́
watari	wə̀tə̀ɽɪ́
wau	wáu
waziri	wə̀zíːrɪ̀,wə̀zíːrìː
waƙa	wə́kʼə́
waƙafi	wə́kʼə̀ɸíː
wili	wíːlìː
wofi	wòːɸíː
wokaci	wóːkə̀tʃíː
wudil	wʊ̀dɪ́l
wul	wʊ̀l
wul	wʊ́l
wulik	wʊ́lɪ́k
wuluk	wʊ́lɪ́k
wuridi	wʊ́rɪ̀díː
wuski	wʊ́scìː
wuski	wʊ́scíː
wuta	wʊ́táː
wuya	wìjáː
wuya	wíjàː
wuƙa	wʊ́kʼáː
yabirbira	jàːbɪ́ɽbɪ̀ɽáː
yadda	jɛ́ddə̀
yadda	jɛ̂ddə̀
yakubu	jàːkʷʊ́bʊ̀
yallaɓai	jɛ́llàːɓêi
yalwa	jɛ̀lwə́
yamai	jɛ̀mèi
yamal	jɛ́màl
yamma	jɛ̂mmáː
yamma	jɛ̂mmə́
yanki	jɛ́ɲcìː
yanzu	jɛ̀nzɪ́
yari	jɛ̀ɽíː
yarima	jɛ̀ríːmə̀
yarinya	jáːɽɪ́ɲjàː
yaro	jáːɽòː
yatsa	jáːsʼàː
yautai	jɛ́utéi
yawa	jɛ́wàː
yawanci	jɛ́wántʃíː
yayyafi	jɛ́jjɛ́ɸíː
yaƙi	jáːcʼìː
yaƙubu	jàːkʷʼʊ́bʊ̀
yis	jɪ̂s
yuganda	jʊ̀gándə̀
yuli	júːlɪ̀
yunan	jùːnâŋ
yunananci	júːnáːnántʃíː
yuni	júːnɪ̀
yunƙuri	jʊ̀ŋkʷʼʊ́ɽíː
yusufu	júːsɪ́ɸʊ̀
za'ida	záːʔɪ́dàː
zabarjadi	zə́bàrdʒə́dìː
zafaran	zàːɸə̀râŋ
zafi	záːɸíː
zago	zə́gʷóː
zahiri	záːhɪ̀ríː
zaiba	zéibàː
zainabu	zèinə́bʊ̀
zaiti	zéitìː
zaitun	zèitɪ̂ŋ
zaki	záːcìː
zakka	zàkkáː
zalunci	záːlɪ́ntʃìː
zama	zə́máː
zamani	zàːmáːnìː
zamani	záːmə̀níː
zamba	zàmbə́
zandar	zàndâr
zara	zàːráː
zara	zə̀ɽáː
zare	zàːɽéː
zare	záːɽèː
zare	zə̀ɽéː
zare	zə́ɽèː
zariya	záːɽɪ́jɛ̀
zarto	zártòː
zau	záu
zauna	záunàː
zazzau	zázzàu
zaƙami	zə́kʼə̀míː
zaƙaƙa	zə̀kʼə̀kʼə̀
zi	zîː
zigidir	zɪ̀ɟɪ̀dɪ́r
zik	zɪ̂k
zikiri	zɪ́cɪ̀ríː
zina	zɪ̀náː
zinari	zíːnáːrìː
zinariya	zíːnáːrɪ̀jáː
zira'i	zɪ̀ráːʔìː
zololo	zòːlòːlòː
zomo	zóːmóː
zubairu	zɪ̀béirɪ̀
zulhajji	zɪ́lháddʒɪ̀
zulƙida	zɪ̀lcʼíːdàː
zuma	zɪ́màː
zumurrudu	zɪ́mʊ̀rrɪ́dɪ̀
zundum	zɪ̀ndɪ́m
zunubi	zɪ̀nɪ́bìː
zuriya	zɪ̀rɪ́jàː
zuwa	zʊ́wàː
ƙa'ida	kʼáːʔɪ́dàː
ƙa'imi	kʼáːʔɪ̀míː
ƙabila	kʼə̀bíːlàː
ƙadangare	kʼə̀dáŋgə́ɽèː
ƙaddara	kʼàddə́ràː
ƙaddara	kʼáddə̀ráː
ƙafa	kʼə́ɸàː
ƙaho	kʼə̀hóː
ƙal	kʼál
ƙala	kʼáːlàː
ƙamus	kʼáːmʊ̀s
ƙanana	kʼə́náːnàː
ƙandas	kʼándás
ƙanƙane	kʼàŋkʼə́nèː
ƙarami	kʼə̀ɽə́míː
ƙarni	kʼárnìː
ƙarƙaf	kʼàɽkʼáp
ƙas	kʼás
ƙasa	kʼə́sáː
ƙasa	kʼə́sə̀
ƙashi	kʼə̀ʃíː
ƙasida	kʼə̀síːdàː
ƙato	kʼáːtòː
ƙaura	kʼáuɽáː
ƙauye	kʼáujèː
ƙazaf	kʼə́zàɸ
ƙazami	kʼə̀záːmíː
ƙazanta	kʼə̀zântáː
ƙerere	cʼèːɽèːɽèː
ƙififiya	cʼɪ́ɸɪ́ɸɪ́jɛ́
ƙirin	cʼɪ́ɽɪ́ŋ
ƙirji	cʼɪ̀ɽdʒíː
ƙissa	cʼɪ́ssàː
ƙiyasi	cʼɪ̀jáːsìː
ƙiƙam	cʼìːkʼàm
ƙoda	kʷʼóːdàː
ƙorama	kʷʼòːɽə́màː
ƙosai	kʷʼóːséi
ƙosau	kʷʼòːsáu
ƙoƙari	kʷʼòːkʼə́ɽɪ́
ƙoƙiƙoƙi	kʷʼóːcɪ̀kʷʼóːcʼɪ̀
ƙube	kʷʼúːbè
ƙudus	kʷʼʊ́dɪ̀s
ƙugiya	kʷʼúːɟɪ̀jáː
ƙulumi	kʷʼúːlɪ́míː
ƙumba	kʷʼʊ̀mbáː
ƙundu	kʷʼʊ̀ndúː
ƙuri'a	kʷʼʊ̀rɪ́ʔàː
ƙursunsun	kʷʼʊ̀ɽsɪ̀nsɪ̀ŋ
ƙurungu	kʷʼʊ̀ɽɪ́ŋgʷʊ̀
ƙut	kʷʼʊ́t
ƙuƙut	kʷʼʊ́kʷʼʊ́t
ƙwai	kʷʼéi
ƙwaro	kʷʼàːɽóː
ƴ	j̰
ɓakutu	ɓáːkʷʊ́tɪ́
ɓangwalgwal	ɓàŋgʷàlgʷàl
ɓarawo	ɓə̀ɽáːwòː
ɓauna	ɓáunáː
ɓaure	ɓáuɽéː
ɓaɓura	ɓáːɓʊ̀ɽə̀
ɓelele	ɓèːlèːlèː
ɓulla	ɓʊ̀llə́
ɓurma	ɓʊ́ɽmə́
ɗa	ɗáː
ɗa'a	ɗáːʔàː
ɗabi'a	ɗə̀bíːʔàː
ɗalibi	ɗáːlɪ̀bíː
ɗan	ɗáŋ
ɗanjuma	ɗándʒúːmə̀
ɗanladi	ɗálláːdɪ̀
ɗanlami	ɗállàːmîː
ɗantala	ɗántə̀láː
ɗanye	ɗɛ́ɲjéː
ɗari	ɗáːɽíː
ɗari	ɗə̀ɽíː
ɗawafi	ɗə̀wáːɸìː
ɗawisu	ɗáːwíːsɪ̀
ɗaya	ɗɛ́jɛ́
ɗefi	ɗèːɸíː
ɗigo	ɗɪ́gʷòː
ɗim	ɗɪ̀m
ɗim	ɗɪ̂m
ɗu	ɗùː
ɗungum	ɗɪ̀ŋgʷʊ́m
ʼy	j̰
